Query_ID	Target_ID	Optimal_offset	p-value	E-value	q-value	Overlap	Query_consensus	Target_consensus	Orientation
YYTCTC	26	3	0.0143395	1.43395	1	6	CCTCTC	CCCCCCCTCCC	+
YYTCTC	97	3	0.0166212	1.66212	1	6	CCTCTC	CTGCGTCTC	+
YYTCTC	47	0	0.0627154	6.27153	1	6	CCTCTC	CCTCTAGCGCG	+
YYTCTC	73	5	0.0663098	6.63098	1	6	CCTCTC	GTGTACTCCTC	-
AACTTTTC	12	1	0.00174507	0.174507	0.349015	8	AACTTTTC	GAACTTTTGAA	+
AACTTTTC	13	1	0.0236837	2.36837	1	8	AACTTTTC	GTACTTTTGAA	+
AACTTTTC	80	2	0.0236837	2.36837	1	8	AACTTTTC	GGACCTTTGCC	+
AACTTTTC	81	2	0.0236837	2.36837	1	8	AACTTTTC	GGAGCTTTGCC	+
CCGCCGCS	53	1	0.00570978	0.570978	0.562149	8	CCGCCGCC	GCCGCTGCCG	-
CCGCCGCS	54	1	0.00570978	0.570978	0.562149	8	CCGCCGCC	GCCGCGGCCG	-
CCGCCGCS	20	3	0.0177645	1.77645	0.593224	7	CCGCCGCC	TGTCGGCCGC	-
CCGCCGCS	69	3	0.0177645	1.77645	0.593224	7	CCGCCGCC	TGTCGGCCGC	-
CCGCCGCS	10	4	0.0212298	2.12298	0.593224	7	CCGCCGCC	GGTCTCGCCGC	+
CCGCCGCS	100	0	0.0271144	2.71144	0.593224	8	CCGCCGCC	ACTCCGCC	+
CCGCCGCS	98	0	0.0271144	2.71144	0.593224	8	CCGCCGCC	TCTCCGCC	+
CCGCCGCS	99	0	0.0271144	2.71144	0.593224	8	CCGCCGCC	GCTCCGCC	+
CCGCCGCS	92	1	0.049292	4.9292	0.822376	8	CCGCCGCC	GCCGCTGCT	-
CCGCCGCS	21	1	0.0662466	6.62466	0.822376	8	CCGCCGCC	GCAGCCGACA	+
CCGCCGCS	70	1	0.0662466	6.62466	0.822376	8	CCGCCGCC	GCAGCCGACA	+
CCGCCGCS	26	2	0.0668234	6.68234	0.822376	8	CCGCCGCC	CCCCCCCTCCC	+
CCGCCGCS	27	0	0.0668234	6.68234	0.822376	8	CCGCCGCC	CCCCCCCCCCC	+
CCGCCGCS	5	4	0.0992542	9.92542	0.984536	8	CCGCCGCC	TCGTCCTCCGCT	-
ATATATATATA	1	0	0.083787	8.3787	1	11	ATATATATATA	AAAATCATATG	+
ATATATATATA	14	0	0.083787	8.3787	1	11	ATATATATATA	TTTTTAAAATA	-
ATATATATATA	15	0	0.083787	8.3787	1	11	ATATATATATA	TTTTTGAAATA	-
ATATATATATA	19	0	0.083787	8.3787	1	11	ATATATATATA	GTAGATTTACG	-
ATATATATATA	56	0	0.083787	8.3787	1	11	ATATATATATA	GTAGATTTACG	-
AMATAWATATA	19	-1	0.006119	0.6119	0.543654	10	AAATATATATA	CGTAAATCTAC	+
AMATAWATATA	56	-1	0.006119	0.6119	0.543654	10	AAATATATATA	CGTAAATCTAC	+
AMATAWATATA	1	0	0.00856217	0.856217	0.543654	11	AAATATATATA	AAAATCATATG	+
AMATAWATATA	30	0	0.0148248	1.48248	0.543654	11	AAATATATATA	AAATTTGAATTC	+
AMATAWATATA	62	1	0.0164778	1.64778	0.543654	11	AAATATATATA	CTAAAAAATCTT	+
AMATAWATATA	63	1	0.0164778	1.64778	0.543654	11	AAATATATATA	CTAAAAAATCTC	+
AMATAWATATA	90	0	0.02108	2.108	0.596141	11	AAATATATATA	AAACAACAACAA	+
AMATAWATATA	14	0	0.0314136	3.14136	0.767392	11	AAATATATATA	TATTTTAAAAA	+
AMATAWATATA	57	-1	0.0470772	4.70772	0.773804	10	AAATATATATA	CGTAAATCCAC	+
AMATAWATATA	2	1	0.0518794	5.18794	0.773804	10	AAATATATATA	AAAATTCAAAA	+
AMATAWATATA	3	0	0.0550063	5.50063	0.773804	11	AAATATATATA	AAAATTCCAAA	+
AMATAWATATA	28	0	0.0664514	6.64514	0.773804	11	AAATATATATA	AAATGGGCGTA	+
AMATAWATATA	18	-1	0.0664514	6.64514	0.773804	10	AAATATATATA	CGTAAATCGAC	+
AMATAWATATA	55	-1	0.0664514	6.64514	0.773804	10	AAATATATATA	CGTAAATCGAC	+
AMATAWATATA	29	0	0.0874928	8.74928	0.911579	11	AAATATATATA	AAATTGGAATTC	+
AWAATA	14	5	0.00103697	0.103697	0.204187	6	AAAATA	TTTTTAAAATA	-
AWAATA	1	0	0.0229723	2.29723	0.579399	6	AAAATA	AAAATCATATG	+
AWAATA	2	0	0.0229723	2.29723	0.579399	6	AAAATA	AAAATTCAAAA	+
AWAATA	3	0	0.0229723	2.29723	0.579399	6	AAAATA	AAAATTCCAAA	+
AWAATA	13	4	0.0229723	2.29723	0.579399	6	AAAATA	TTCAAAAGTAC	-
AWAATA	15	5	0.0229723	2.29723	0.579399	6	AAAATA	TTTTTGAAATA	-
AWAATA	4	5	0.0264825	2.64825	0.579399	6	AAAATA	ACTACAAACTAC	+
AWAATA	62	2	0.0264825	2.64825	0.579399	6	AAAATA	CTAAAAAATCTT	+
AWAATA	63	2	0.0264825	2.64825	0.579399	6	AAAATA	CTAAAAAATCTC	+
CACAYACACACACAC	57	-2	0.0437007	4.37007	1	11	CACACACACACACAC	CGTAAATCCAC	+

# Tomtom (Motif Comparison Tool): Version 5.0.4 compiled on Feb  4 2019 at 23:49:31
# The format of this file is described at http://alternate.meme-suite.org//doc/tomtom-output-format.html.
# tomtom -no-ssc -oc . -verbosity 1 -min-overlap 5 -dist pearson -evalue -thresh 10.0 meme.txt target_motifs
