motif_DB	motif_ID	seq_ID	FASTA_score	PWM_score	class
motifs.meme	5	WBGene00036146	2487	1379.6	fp
motifs.meme	5	WBGene00030010	3445	1379.17	fp
motifs.meme	5	WBGene00027561	3329	1379.15	fp
motifs.meme	5	WBGene00036556	1400	1379.13	fp
motifs.meme	5	WBGene00026805	1188	68.3981	fp
motifs.meme	5	WBGene00087292	2961	68.3825	fp
motifs.meme	5	WBGene00025840	36	52.1523	tp
motifs.meme	5	WBGene00035157	880	43.0087	fp
motifs.meme	5	WBGene00041032	3796	42.5529	fp
motifs.meme	5	WBGene00032601	96	42.5391	tp
motifs.meme	5	WBGene00028225	633	42.533	fp
motifs.meme	5	WBGene00028940	1537	42.5106	fp
motifs.meme	5	WBGene00025979	3426	42.2061	fp
motifs.meme	5	WBGene00032136	3757	41.7984	fp
motifs.meme	5	WBGene00041638	560	41.7924	tp
motifs.meme	5	WBGene00034619	1645	41.7754	fp
motifs.meme	5	WBGene00038480	170	41.7612	tp
motifs.meme	5	WBGene00040146	4726	41.7596	fp
motifs.meme	5	WBGene00025271	2681	41.7594	fp
motifs.meme	5	WBGene00035090	2900	41.7575	fp
motifs.meme	5	WBGene00028933	952	41.7459	fp
motifs.meme	5	WBGene00028600	2349	41.7392	fp
motifs.meme	5	WBGene00025834	3608	41.7236	fp
motifs.meme	5	WBGene00039119	209	41.7231	tp
motifs.meme	5	WBGene00038896	1632	41.722	fp
motifs.meme	5	WBGene00026583	2719	27.2571	fp
motifs.meme	5	WBGene00030357	384	27.0119	tp
motifs.meme	5	WBGene00041515	3157	26.781	fp
motifs.meme	5	WBGene00025223	294	26.2639	tp
motifs.meme	5	WBGene00030912	3647	25.9277	fp
motifs.meme	5	WBGene00037968	2511	25.5414	fp
motifs.meme	5	WBGene00030340	4334	25.5214	fp
motifs.meme	5	WBGene00031528	761	25.5183	fp
motifs.meme	5	WBGene00032348	973	25.5137	fp
motifs.meme	5	WBGene00027239	2303	25.5105	fp
motifs.meme	5	WBGene00025171	265	25.5071	tp
motifs.meme	5	WBGene00031610	1540	25.4933	fp
motifs.meme	5	WBGene00034840	1688	25.491	fp
motifs.meme	5	WBGene00037144	4643	25.4807	fp
motifs.meme	5	WBGene00025249	285	25.4792	tp
motifs.meme	5	WBGene00023747	4128	25.4786	fp
motifs.meme	5	WBGene00024703	15	25.4739	tp
motifs.meme	5	WBGene00027092	280	25.4722	tp
motifs.meme	5	WBGene00086662	4444	25.4701	fp
motifs.meme	5	WBGene00032350	2447	25.4701	fp
motifs.meme	5	WBGene00031825	1494	25.4699	fp
motifs.meme	5	WBGene00037741	3507	25.4652	fp
motifs.meme	5	WBGene00032317	2448	25.4649	fp
motifs.meme	5	WBGene00041725	189	25.4576	tp
motifs.meme	5	WBGene00035190	413	25.4565	tp
motifs.meme	5	WBGene00024911	4136	25.4562	fp
motifs.meme	5	WBGene00036670	216	25.4561	tp
motifs.meme	5	WBGene00038113	4402	25.456	fp
motifs.meme	5	WBGene00040564	3735	25.4559	fp
motifs.meme	5	WBGene00027621	2724	25.4559	fp
motifs.meme	5	WBGene00088805	4710	25.4557	fp
motifs.meme	5	WBGene00039212	3567	25.4552	fp
motifs.meme	5	WBGene00024066	930	25.4551	fp
motifs.meme	5	WBGene00025274	2256	2.3279	fp
motifs.meme	5	WBGene00023975	2658	2.32552	fp
motifs.meme	5	WBGene00033087	3725	2.32173	fp
motifs.meme	5	WBGene00029129	309	2.07276	tp
motifs.meme	5	WBGene00041856	4457	2.0694	fp
motifs.meme	5	WBGene00024705	906	2.06203	fp
motifs.meme	5	WBGene00028698	375	2.05809	tp
motifs.meme	5	WBGene00026142	29	2.05182	tp
motifs.meme	5	WBGene00025939	43	2.03991	tp
motifs.meme	5	WBGene00027237	3878	2.03367	fp
motifs.meme	5	WBGene00039188	4054	2.03309	fp
motifs.meme	5	WBGene00042640	2967	2.01098	fp
motifs.meme	5	WBGene00031274	108	1.83255	tp
motifs.meme	5	WBGene00027095	4219	1.78553	fp
motifs.meme	5	WBGene00038438	3393	1.77723	fp
motifs.meme	5	WBGene00028722	4526	1.7746	fp
motifs.meme	5	WBGene00031114	1021	1.77374	fp
motifs.meme	5	WBGene00028221	642	1.73481	fp
motifs.meme	5	WBGene00031280	1200	1.72804	fp
motifs.meme	5	WBGene00027617	937	1.72669	fp
motifs.meme	5	WBGene00023562	8	1.58041	tp
motifs.meme	5	WBGene00030082	3934	1.57067	fp
motifs.meme	5	WBGene00034387	1943	1.55685	fp
motifs.meme	5	WBGene00033820	1263	1.55572	fp
motifs.meme	5	WBGene00034759	2850	1.54986	fp
motifs.meme	5	WBGene00040047	2611	1.54984	fp
motifs.meme	5	WBGene00037028	2441	1.54955	fp
motifs.meme	5	WBGene00035272	1990	1.54166	fp
motifs.meme	5	WBGene00027207	645	1.44375	fp
motifs.meme	5	WBGene00037038	789	1.31956	fp
motifs.meme	5	WBGene00034805	2924	1.31893	fp
motifs.meme	5	WBGene00035893	4015	1.31023	fp
motifs.meme	5	WBGene00033616	4016	1.30542	fp
motifs.meme	5	WBGene00034915	4592	1.30487	fp
motifs.meme	5	WBGene00041661	534	1.30323	tp
motifs.meme	5	WBGene00032121	1003	1.30096	fp
motifs.meme	5	WBGene00041576	3795	1.3008	fp
motifs.meme	5	WBGene00037446	3694	1.30052	fp
motifs.meme	5	WBGene00040755	4056	1.30015	fp
motifs.meme	5	WBGene00038577	479	1.29868	tp
motifs.meme	5	WBGene00032137	1588	1.29645	fp
motifs.meme	5	WBGene00041242	1618	1.29581	fp
motifs.meme	5	WBGene00036334	395	1.28771	tp
motifs.meme	5	WBGene00028934	655	1.28756	fp
motifs.meme	5	WBGene00029412	319	1.28688	tp
motifs.meme	5	WBGene00026563	54	1.28665	tp
#
motifs.meme	6	WBGene00030357	384	841.495	tp
motifs.meme	6	WBGene00037741	3507	841.462	fp
motifs.meme	6	WBGene00030340	4334	841.457	fp
motifs.meme	6	WBGene00033616	4016	42.6701	fp
motifs.meme	6	WBGene00038415	1047	26.2266	fp
motifs.meme	6	WBGene00030010	3445	26.2219	fp
motifs.meme	6	WBGene00030433	106	25.958	tp
motifs.meme	6	WBGene00032547	454	25.9394	tp
motifs.meme	6	WBGene00041755	2585	25.9348	fp
motifs.meme	6	WBGene00028722	4526	25.7896	fp
motifs.meme	6	WBGene00031280	1200	25.4827	fp
motifs.meme	6	WBGene00030060	4343	25.4827	fp
motifs.meme	6	WBGene00036146	2487	25.4792	fp
motifs.meme	6	WBGene00087474	1395	25.4768	fp
motifs.meme	6	WBGene00023562	8	25.4718	tp
motifs.meme	6	WBGene00038508	3698	25.4711	fp
motifs.meme	6	WBGene00030575	343	25.4711	tp
motifs.meme	6	WBGene00030447	2765	25.4698	fp
motifs.meme	6	WBGene00035256	1955	25.4645	fp
motifs.meme	6	WBGene00036556	1400	25.4644	fp
motifs.meme	6	WBGene00032892	1515	25.4644	fp
motifs.meme	6	WBGene00027561	3329	25.461	fp
motifs.meme	6	WBGene00032567	1831	25.4607	fp
motifs.meme	6	WBGene00024023	1418	25.457	fp
motifs.meme	6	WBGene00027260	646	25.4568	fp
motifs.meme	6	WBGene00040418	3548	25.4563	fp
motifs.meme	6	WBGene00036560	3488	25.4562	fp
motifs.meme	6	WBGene00034860	2454	25.4561	fp
motifs.meme	6	WBGene00027885	3884	25.4558	fp
motifs.meme	6	WBGene00026252	3883	25.4555	fp
motifs.meme	6	WBGene00035896	4292	25.4555	fp
motifs.meme	6	WBGene00025762	275	16.0027	tp
motifs.meme	6	WBGene00027617	937	15.5924	fp
motifs.meme	6	WBGene00031447	408	15.5798	tp
motifs.meme	6	WBGene00031114	1021	15.5706	fp
motifs.meme	6	WBGene00033500	2920	15.5682	fp
motifs.meme	6	WBGene00035312	421	15.5552	tp
motifs.meme	6	WBGene00038299	2515	15.5543	fp
motifs.meme	6	WBGene00036502	3775	15.549	fp
motifs.meme	6	WBGene00036140	201	15.5486	tp
motifs.meme	6	WBGene00038390	2836	15.5466	fp
motifs.meme	6	WBGene00032078	137	15.5456	tp
motifs.meme	6	WBGene00086678	2123	15.5455	fp
motifs.meme	6	WBGene00039511	2597	15.5452	fp
motifs.meme	6	WBGene00029964	352	15.541	tp
motifs.meme	6	WBGene00026514	3604	15.5406	fp
motifs.meme	6	WBGene00025907	1460	15.5404	fp
motifs.meme	6	WBGene00038532	2484	15.5403	fp
motifs.meme	6	WBGene00030696	1888	15.5402	fp
motifs.meme	6	WBGene00030874	2372	15.5398	fp
motifs.meme	6	WBGene00033629	1208	15.5375	fp
motifs.meme	6	WBGene00031228	4014	15.5371	fp
motifs.meme	6	WBGene00038179	4432	15.5371	fp
motifs.meme	6	WBGene00038131	4386	15.5367	fp
motifs.meme	6	WBGene00034611	4257	15.5367	fp
motifs.meme	6	WBGene00035162	112	15.5325	tp
motifs.meme	6	WBGene00038352	487	15.5325	tp
motifs.meme	6	WBGene00026168	295	15.5323	tp
motifs.meme	6	WBGene00030466	1856	15.5319	fp
motifs.meme	6	WBGene00025982	2211	15.5317	fp
motifs.meme	6	WBGene00028614	341	15.5315	tp
motifs.meme	6	WBGene00031233	2555	15.5313	fp
motifs.meme	6	WBGene00037046	2474	15.5312	fp
motifs.meme	6	WBGene00028312	2327	15.5309	fp
motifs.meme	6	WBGene00032783	4652	15.5307	fp
motifs.meme	6	WBGene00026181	1445	1.7511	fp
motifs.meme	6	WBGene00029719	362	1.57249	tp
motifs.meme	6	WBGene00041638	560	1.56005	tp
motifs.meme	6	WBGene00031257	100	1.44042	tp
#
motifs.meme	8	WBGene00086662	4444	112.606	fp
motifs.meme	8	WBGene00027970	2357	98.5538	fp
motifs.meme	8	WBGene00023521	3003	95.0491	fp
motifs.meme	8	WBGene00039376	2160	92.4624	fp
motifs.meme	8	WBGene00028340	48	92.2722	tp
motifs.meme	8	WBGene00036132	1608	92.2413	fp
motifs.meme	8	WBGene00025565	597	92.2361	fp
motifs.meme	8	WBGene00039253	1294	92.2063	fp
motifs.meme	8	WBGene00088317	4729	92.2059	fp
motifs.meme	8	WBGene00031068	2388	59.0484	fp
motifs.meme	8	WBGene00028187	965	59.0146	fp
motifs.meme	8	WBGene00041518	2829	58.1929	fp
motifs.meme	8	WBGene00039023	506	58.0857	tp
motifs.meme	8	WBGene00030906	2392	58.0725	fp
motifs.meme	8	WBGene00027207	645	57.4998	fp
motifs.meme	8	WBGene00034272	3968	57.3017	fp
motifs.meme	8	WBGene00031136	979	57.2983	fp
motifs.meme	8	WBGene00027652	636	57.2957	fp
motifs.meme	8	WBGene00032126	2778	56.4275	fp
motifs.meme	8	WBGene00027844	64	56.3847	tp
motifs.meme	8	WBGene00025628	32	56.3794	tp
motifs.meme	8	WBGene00029161	2318	56.3407	fp
motifs.meme	8	WBGene00041827	1616	56.3404	fp
motifs.meme	8	WBGene00032049	2436	56.3306	fp
motifs.meme	8	WBGene00025893	3424	56.3251	fp
motifs.meme	8	WBGene00032095	3976	56.3232	fp
motifs.meme	8	WBGene00025339	1147	56.3203	fp
motifs.meme	8	WBGene00023628	2242	56.3201	fp
motifs.meme	8	WBGene00038759	2620	56.3127	fp
motifs.meme	8	WBGene00034792	668	56.3111	fp
motifs.meme	8	WBGene00037446	3694	56.3103	fp
motifs.meme	8	WBGene00034288	4301	56.3081	fp
motifs.meme	8	WBGene00028004	3881	56.3077	fp
motifs.meme	8	WBGene00037781	4049	56.3061	fp
motifs.meme	8	WBGene00041214	3234	56.2962	fp
motifs.meme	8	WBGene00033734	1258	56.2955	fp
motifs.meme	8	WBGene00026990	60	56.2917	tp
motifs.meme	8	WBGene00027812	1446	56.2914	fp
motifs.meme	8	WBGene00033996	3961	56.2911	fp
motifs.meme	8	WBGene00029683	315	56.2891	tp
motifs.meme	8	WBGene00027954	1491	56.2871	fp
motifs.meme	8	WBGene00041550	2969	56.2802	fp
motifs.meme	8	WBGene00026901	3846	56.2797	fp
motifs.meme	8	WBGene00034164	4694	56.2781	fp
motifs.meme	8	WBGene00042862	2971	56.2772	fp
motifs.meme	8	WBGene00030555	2771	56.2754	fp
motifs.meme	8	WBGene00039904	1911	56.2621	fp
motifs.meme	8	WBGene00086881	3368	56.2611	fp
motifs.meme	8	WBGene00041004	1369	56.2606	fp
motifs.meme	8	WBGene00031409	3914	56.26	fp
motifs.meme	8	WBGene00042147	1636	56.2588	fp
motifs.meme	8	WBGene00027968	3324	56.2572	fp
motifs.meme	8	WBGene00035914	1991	56.2571	fp
motifs.meme	8	WBGene00030993	2374	56.2571	fp
motifs.meme	8	WBGene00028237	74	56.2557	tp
motifs.meme	8	WBGene00025034	2252	6.57624	fp
motifs.meme	8	WBGene00034505	2075	6.48038	fp
motifs.meme	8	WBGene00032048	3113	4.64189	fp
motifs.meme	8	WBGene00026836	296	4.58663	tp
motifs.meme	8	WBGene00032087	1552	4.56221	fp
motifs.meme	8	WBGene00041578	4707	4.51376	fp
motifs.meme	8	WBGene00025326	3008	4.50922	fp
motifs.meme	8	WBGene00026204	4507	4.49584	fp
motifs.meme	8	WBGene00025223	294	4.45122	tp
motifs.meme	8	WBGene00031274	108	4.11401	tp
motifs.meme	8	WBGene00027241	2293	3.88095	fp
motifs.meme	8	WBGene00034090	2024	3.83379	fp
motifs.meme	8	WBGene00030131	1231	3.6029	fp
motifs.meme	8	WBGene00030111	1837	3.5653	fp
motifs.meme	8	WBGene00023994	18	3.50563	tp
motifs.meme	8	WBGene00032450	2773	3.50189	fp
motifs.meme	8	WBGene00029558	3032	3.49347	fp
motifs.meme	8	WBGene00028221	642	3.49291	fp
motifs.meme	8	WBGene00030340	4334	3.49123	fp
motifs.meme	8	WBGene00026293	297	3.4894	tp
motifs.meme	8	WBGene00031605	1022	3.4825	fp
motifs.meme	8	WBGene00025313	271	3.47306	tp
motifs.meme	8	WBGene00040110	4757	3.46219	fp
motifs.meme	8	WBGene00038556	183	3.45787	tp
motifs.meme	8	WBGene00026587	83	3.44459	tp
motifs.meme	8	WBGene00035521	464	3.44247	tp
motifs.meme	8	WBGene00035896	4292	3.41186	fp
motifs.meme	8	WBGene00025636	38	3.4098	tp
motifs.meme	8	WBGene00035443	398	3.40482	tp
motifs.meme	8	WBGene00024165	2174	3.11969	fp
motifs.meme	8	WBGene00033905	87	2.96721	tp
motifs.meme	8	WBGene00029914	4264	2.95986	fp
motifs.meme	8	WBGene00040019	1298	2.95578	fp
motifs.meme	8	WBGene00086786	2625	2.9527	fp
motifs.meme	8	WBGene00032467	2414	2.94263	fp
motifs.meme	8	WBGene00031246	123	2.93179	tp
motifs.meme	8	WBGene00024898	2265	2.91746	fp
motifs.meme	8	WBGene00025440	4155	2.89949	fp
motifs.meme	8	WBGene00035228	803	2.89134	fp
motifs.meme	8	WBGene00025049	1438	2.87493	fp
motifs.meme	8	WBGene00038563	1043	2.8632	fp
motifs.meme	8	WBGene00041822	1054	2.85562	fp
motifs.meme	8	WBGene00026150	2717	2.85535	fp
motifs.meme	8	WBGene00027474	4218	2.85397	fp
motifs.meme	8	WBGene00037720	536	2.85357	tp
motifs.meme	8	WBGene00032907	699	2.85054	fp
motifs.meme	8	WBGene00024085	4479	2.84865	fp
motifs.meme	8	WBGene00033039	1217	2.84644	fp
motifs.meme	8	WBGene00036413	159	2.84618	tp
motifs.meme	8	WBGene00025693	616	2.84611	fp
motifs.meme	8	WBGene00088526	2972	2.84499	fp
motifs.meme	8	WBGene00038894	1625	2.84486	fp
motifs.meme	8	WBGene00025082	263	2.84267	tp
motifs.meme	8	WBGene00024308	4471	2.84225	fp
motifs.meme	8	WBGene00023926	2648	2.82966	fp
motifs.meme	8	WBGene00034836	2820	2.82925	fp
motifs.meme	8	WBGene00030918	2376	2.82816	fp
motifs.meme	8	WBGene00041208	2633	2.82804	fp
motifs.meme	8	WBGene00032323	3922	2.82328	fp
motifs.meme	8	WBGene00027219	4489	2.81343	fp
motifs.meme	8	WBGene00037568	544	2.80939	tp
motifs.meme	8	WBGene00040499	532	2.79953	tp
motifs.meme	8	WBGene00028614	341	2.7976	tp
motifs.meme	8	WBGene00023852	254	2.79583	tp
motifs.meme	8	WBGene00024705	906	2.79552	fp
motifs.meme	8	WBGene00032911	2733	2.79536	fp
motifs.meme	8	WBGene00025350	3807	2.7943	fp
motifs.meme	8	WBGene00086955	524	2.793	tp
motifs.meme	8	WBGene00023664	1111	2.79165	fp
motifs.meme	8	WBGene00034057	3902	2.79136	fp
motifs.meme	8	WBGene00023967	4143	2.7911	fp
motifs.meme	8	WBGene00087769	4416	2.79049	fp
motifs.meme	8	WBGene00023856	246	2.77899	tp
motifs.meme	8	WBGene00037850	1088	2.77681	fp
motifs.meme	8	WBGene00030490	691	2.76305	fp
motifs.meme	8	WBGene00030311	3628	2.75057	fp
motifs.meme	8	WBGene00028549	2314	2.74574	fp
motifs.meme	8	WBGene00037117	1079	2.74411	fp
motifs.meme	8	WBGene00086674	3137	2.74345	fp
motifs.meme	8	WBGene00039581	3243	2.74219	fp
motifs.meme	8	WBGene00041209	1370	2.74138	fp
motifs.meme	8	WBGene00031437	410	2.48597	tp
motifs.meme	8	WBGene00026701	2702	2.32333	fp
motifs.meme	8	WBGene00037145	552	2.18426	tp
motifs.meme	8	WBGene00028377	4533	2.16254	fp
motifs.meme	8	WBGene00033182	4626	2.15281	fp
motifs.meme	8	WBGene00040146	4726	2.11844	fp
motifs.meme	8	WBGene00032317	2448	2.11337	fp
motifs.meme	8	WBGene00024842	3815	2.09783	fp
motifs.meme	8	WBGene00087178	805	2.08426	fp
motifs.meme	8	WBGene00025930	1477	2.08356	fp
motifs.meme	8	WBGene00027687	4222	2.08096	fp
motifs.meme	8	WBGene00036917	2908	2.08094	fp
motifs.meme	8	WBGene00038111	3155	2.0797	fp
motifs.meme	8	WBGene00033578	1572	2.07931	fp
motifs.meme	8	WBGene00033035	2813	1.98605	fp
motifs.meme	8	WBGene00042005	1641	1.95734	fp
motifs.meme	8	WBGene00037488	2846	1.93633	fp
motifs.meme	8	WBGene00087077	1396	1.93388	fp
motifs.meme	8	WBGene00027050	2693	1.92825	fp
motifs.meme	8	WBGene00040252	565	1.92396	tp
motifs.meme	8	WBGene00026858	4194	1.89564	fp
motifs.meme	8	WBGene00039910	1908	1.89335	fp
motifs.meme	8	WBGene00025692	3415	1.88928	fp
motifs.meme	8	WBGene00035867	424	1.88821	tp
motifs.meme	8	WBGene00030370	4560	1.88545	fp
motifs.meme	8	WBGene00025171	265	1.87535	tp
motifs.meme	8	WBGene00027062	613	1.87466	fp
motifs.meme	8	WBGene00029217	4536	1.87115	fp
motifs.meme	8	WBGene00028204	63	1.87094	tp
motifs.meme	8	WBGene00027122	2291	1.86805	fp
motifs.meme	8	WBGene00025274	2256	1.86644	fp
motifs.meme	8	WBGene00031213	1493	1.86123	fp
motifs.meme	8	WBGene00027984	65	1.86044	tp
motifs.meme	8	WBGene00041575	562	1.855	tp
#
motifs.meme	9	WBGene00027970	2357	5146.96	fp
motifs.meme	9	WBGene00039376	2160	4998.93	fp
motifs.meme	9	WBGene00031246	123	155.62	tp
motifs.meme	9	WBGene00029914	4264	154.214	fp
motifs.meme	9	WBGene00025440	4155	154.022	fp
motifs.meme	9	WBGene00041208	2633	152.882	fp
motifs.meme	9	WBGene00026204	4507	151.209	fp
motifs.meme	9	WBGene00025693	616	151.129	fp
motifs.meme	9	WBGene00027474	4218	151.128	fp
motifs.meme	9	WBGene00034057	3902	151.124	fp
motifs.meme	9	WBGene00087769	4416	151.121	fp
motifs.meme	9	WBGene00087077	1396	92.5712	fp
motifs.meme	9	WBGene00030311	3628	92.5673	fp
motifs.meme	9	WBGene00025183	2248	92.4088	fp
motifs.meme	9	WBGene00038566	2602	92.3952	fp
motifs.meme	9	WBGene00039077	4344	92.3808	fp
motifs.meme	9	WBGene00026858	4194	92.3742	fp
motifs.meme	9	WBGene00041455	3138	92.3451	fp
motifs.meme	9	WBGene00023856	246	92.3436	tp
motifs.meme	9	WBGene00088871	2218	92.3428	fp
motifs.meme	9	WBGene00041497	763	92.3246	fp
motifs.meme	9	WBGene00037223	3063	92.3088	fp
motifs.meme	9	WBGene00025172	2665	92.2958	fp
motifs.meme	9	WBGene00038541	2858	92.2926	fp
motifs.meme	9	WBGene00033422	4341	92.2909	fp
motifs.meme	9	WBGene00027062	613	92.27	fp
motifs.meme	9	WBGene00036905	2905	92.2693	fp
motifs.meme	9	WBGene00039543	3568	92.2603	fp
motifs.meme	9	WBGene00037768	2946	92.2585	fp
motifs.meme	9	WBGene00031544	3993	92.2561	fp
motifs.meme	9	WBGene00035156	427	92.2555	tp
motifs.meme	9	WBGene00030271	3930	92.239	fp
motifs.meme	9	WBGene00024835	2996	92.238	fp
motifs.meme	9	WBGene00034172	3067	92.2375	fp
motifs.meme	9	WBGene00035157	880	92.2127	fp
motifs.meme	9	WBGene00033490	677	92.2058	fp
motifs.meme	9	WBGene00025274	2256	8.59797	fp
motifs.meme	9	WBGene00040019	1298	8.54487	fp
motifs.meme	9	WBGene00025198	2679	7.40117	fp
motifs.meme	9	WBGene00041518	2829	7.39598	fp
motifs.meme	9	WBGene00038999	1394	7.36651	fp
motifs.meme	9	WBGene00023801	908	7.2849	fp
motifs.meme	9	WBGene00030111	1837	5.87363	fp
motifs.meme	9	WBGene00040797	4349	5.77212	fp
motifs.meme	9	WBGene00035522	2575	5.74371	fp
motifs.meme	9	WBGene00024809	2	5.73101	tp
motifs.meme	9	WBGene00042005	1641	5.69752	fp
motifs.meme	9	WBGene00023521	3003	5.68791	fp
motifs.meme	9	WBGene00034387	1943	5.68763	fp
motifs.meme	9	WBGene00027984	65	5.68534	tp
motifs.meme	9	WBGene00030069	147	5.67513	tp
motifs.meme	9	WBGene00042604	1096	5.63596	fp
motifs.meme	9	WBGene00023975	2658	5.63588	fp
motifs.meme	9	WBGene00038894	1625	5.63306	fp
motifs.meme	9	WBGene00038563	1043	5.61346	fp
motifs.meme	9	WBGene00027813	1473	5.61343	fp
motifs.meme	9	WBGene00025893	3424	5.11087	fp
motifs.meme	9	WBGene00086662	4444	5.11028	fp
motifs.meme	9	WBGene00024897	239	5.09265	tp
motifs.meme	9	WBGene00034505	2075	4.72441	fp
motifs.meme	9	WBGene00029896	1841	4.72258	fp
motifs.meme	9	WBGene00038294	531	4.66247	tp
motifs.meme	9	WBGene00033304	4339	4.66179	fp
motifs.meme	9	WBGene00025224	277	4.64064	tp
motifs.meme	9	WBGene00023712	4139	4.63083	fp
motifs.meme	9	WBGene00036093	997	4.60673	fp
motifs.meme	9	WBGene00032250	97	4.58774	tp
motifs.meme	9	WBGene00038557	4720	4.58633	fp
motifs.meme	9	WBGene00032508	4269	4.58384	fp
motifs.meme	9	WBGene00031528	761	4.58149	fp
motifs.meme	9	WBGene00026238	3292	4.58073	fp
motifs.meme	9	WBGene00037546	4669	4.578	fp
motifs.meme	9	WBGene00041754	2968	4.57685	fp
motifs.meme	9	WBGene00024168	3009	4.57591	fp
motifs.meme	9	WBGene00035322	3251	4.57559	fp
motifs.meme	9	WBGene00028933	952	4.56182	fp
motifs.meme	9	WBGene00028340	48	4.55687	tp
motifs.meme	9	WBGene00036062	2859	4.55097	fp
motifs.meme	9	WBGene00030728	1246	4.53621	fp
motifs.meme	9	WBGene00034792	668	4.50125	fp
motifs.meme	9	WBGene00031068	2388	4.49597	fp
motifs.meme	9	WBGene00034038	3126	4.49299	fp
motifs.meme	9	WBGene00030088	333	3.61845	tp
motifs.meme	9	WBGene00025034	2252	3.61291	fp
motifs.meme	9	WBGene00029989	662	3.49518	fp
motifs.meme	9	WBGene00031604	425	3.49465	tp
motifs.meme	9	WBGene00026811	66	3.45883	tp
motifs.meme	9	WBGene00034807	149	3.40703	tp
motifs.meme	9	WBGene00039684	1995	3.4038	fp
motifs.meme	9	WBGene00030477	4276	3.14482	fp
motifs.meme	9	WBGene00025495	2261	3.10484	fp
motifs.meme	9	WBGene00037041	2500	3.09182	fp
motifs.meme	9	WBGene00033905	87	3.0717	tp
motifs.meme	9	WBGene00024027	258	3.06261	tp
motifs.meme	9	WBGene00032907	699	3.0495	fp
motifs.meme	9	WBGene00036971	153	3.04524	tp
motifs.meme	9	WBGene00025887	910	3.03528	fp
motifs.meme	9	WBGene00029438	4562	3.03143	fp
motifs.meme	9	WBGene00028698	375	3.02162	tp
motifs.meme	9	WBGene00033217	428	3.02129	tp
motifs.meme	9	WBGene00031114	1021	3.01865	fp
motifs.meme	9	WBGene00037771	2070	3.01482	fp
motifs.meme	9	WBGene00031213	1493	3.00185	fp
motifs.meme	9	WBGene00030010	3445	2.9862	fp
motifs.meme	9	WBGene00029015	1802	2.98475	fp
motifs.meme	9	WBGene00035095	1634	2.98352	fp
motifs.meme	9	WBGene00034760	2514	2.98217	fp
motifs.meme	9	WBGene00034440	1983	2.98183	fp
motifs.meme	9	WBGene00040499	532	2.96807	tp
motifs.meme	9	WBGene00027092	280	2.96494	tp
motifs.meme	9	WBGene00034090	2024	2.95783	fp
motifs.meme	9	WBGene00040252	565	2.95389	tp
motifs.meme	9	WBGene00040042	1934	2.95308	fp
motifs.meme	9	WBGene00037968	2511	2.95299	fp
motifs.meme	9	WBGene00029623	1272	2.95092	fp
motifs.meme	9	WBGene00026846	2720	2.95031	fp
motifs.meme	9	WBGene00034425	4308	2.94772	fp
motifs.meme	9	WBGene00036234	449	2.94207	tp
motifs.meme	9	WBGene00024085	4479	2.93742	fp
motifs.meme	9	WBGene00030082	3934	2.93383	fp
motifs.meme	9	WBGene00032348	973	2.93383	fp
motifs.meme	9	WBGene00087786	3346	2.93108	fp
motifs.meme	9	WBGene00026647	2197	2.93053	fp
motifs.meme	9	WBGene00029558	3032	2.93001	fp
motifs.meme	9	WBGene00031161	2739	2.92839	fp
motifs.meme	9	WBGene00032328	3213	2.92835	fp
motifs.meme	9	WBGene00040568	232	2.92408	tp
motifs.meme	9	WBGene00036132	1608	2.91485	fp
motifs.meme	9	WBGene00029897	3969	2.91324	fp
motifs.meme	9	WBGene00038227	2549	2.91141	fp
motifs.meme	9	WBGene00035486	3396	2.90919	fp
motifs.meme	9	WBGene00035626	4289	2.90908	fp
motifs.meme	9	WBGene00025269	586	2.9046	fp
motifs.meme	9	WBGene00041575	562	2.90371	tp
motifs.meme	9	WBGene00036950	900	2.9032	fp
motifs.meme	9	WBGene00041838	2600	2.90277	fp
motifs.meme	9	WBGene00035616	2077	2.90224	fp
motifs.meme	9	WBGene00037216	2892	2.90153	fp
motifs.meme	9	WBGene00027260	646	2.90121	fp
motifs.meme	9	WBGene00025840	36	2.90099	tp
motifs.meme	9	WBGene00040398	2019	2.90051	fp
motifs.meme	9	WBGene00037106	2419	2.89824	fp
motifs.meme	9	WBGene00033039	1217	2.89788	fp
motifs.meme	9	WBGene00039385	3235	2.8967	fp
motifs.meme	9	WBGene00042186	3284	2.89522	fp
motifs.meme	9	WBGene00026575	2715	2.8859	fp
motifs.meme	9	WBGene00036944	852	2.88372	fp
motifs.meme	9	WBGene00031453	3686	2.88267	fp
motifs.meme	9	WBGene00041539	883	2.8812	fp
motifs.meme	9	WBGene00025939	43	2.88048	tp
motifs.meme	9	WBGene00025082	263	2.88009	tp
motifs.meme	9	WBGene00038220	802	2.87991	fp
motifs.meme	9	WBGene00035867	424	2.87984	tp
motifs.meme	9	WBGene00023973	4123	2.87976	fp
motifs.meme	9	WBGene00041944	3244	2.8785	fp
motifs.meme	9	WBGene00039141	213	2.87847	tp
motifs.meme	9	WBGene00027892	4193	2.87812	fp
motifs.meme	9	WBGene00035018	2947	2.8779	fp
motifs.meme	9	WBGene00031282	1253	2.87674	fp
motifs.meme	9	WBGene00039758	512	2.87621	tp
motifs.meme	9	WBGene00038408	4078	2.85972	fp
motifs.meme	9	WBGene00041859	4742	2.85964	fp
motifs.meme	9	WBGene00039350	1707	2.85692	fp
motifs.meme	9	WBGene00034509	4004	2.85619	fp
motifs.meme	9	WBGene00024906	13	2.85599	tp
motifs.meme	9	WBGene00033363	4665	2.85552	fp
motifs.meme	9	WBGene00036362	2822	2.85419	fp
motifs.meme	9	WBGene00040540	1920	2.85321	fp
motifs.meme	9	WBGene00040911	4102	2.85164	fp
motifs.meme	9	WBGene00035025	385	2.85089	tp
motifs.meme	9	WBGene00027027	274	2.85047	tp
motifs.meme	9	WBGene00037144	4643	2.84977	fp
motifs.meme	9	WBGene00026930	609	2.84951	fp
motifs.meme	9	WBGene00040211	1637	2.84936	fp
motifs.meme	9	WBGene00026062	25	2.84821	tp
motifs.meme	9	WBGene00033474	4340	2.84751	fp
motifs.meme	9	WBGene00029917	2361	2.84731	fp
motifs.meme	9	WBGene00036236	2567	2.84729	fp
motifs.meme	9	WBGene00042512	1049	2.84636	fp
motifs.meme	9	WBGene00029632	757	2.84578	fp
motifs.meme	9	WBGene00026055	2709	2.84547	fp
motifs.meme	9	WBGene00032350	2447	2.84515	fp
motifs.meme	9	WBGene00024691	2987	2.8451	fp
motifs.meme	9	WBGene00042406	2155	2.84488	fp
motifs.meme	9	WBGene00035475	1981	2.84463	fp
motifs.meme	9	WBGene00032414	2467	2.84445	fp
motifs.meme	9	WBGene00027053	3176	2.84428	fp
motifs.meme	9	WBGene00024102	2655	2.84388	fp
motifs.meme	9	WBGene00026117	3838	2.84352	fp
motifs.meme	9	WBGene00088317	4729	2.84284	fp
motifs.meme	9	WBGene00027221	3856	2.83404	fp
motifs.meme	9	WBGene00037904	1069	2.82967	fp
motifs.meme	9	WBGene00037853	1091	2.82928	fp
motifs.meme	9	WBGene00031024	2811	2.829	fp
motifs.meme	9	WBGene00041698	1701	2.82808	fp
motifs.meme	9	WBGene00035231	412	2.82799	tp
motifs.meme	9	WBGene00034887	2423	2.82787	fp
motifs.meme	9	WBGene00034812	422	2.82694	tp
motifs.meme	9	WBGene00024807	2162	2.82689	fp
motifs.meme	9	WBGene00029196	1193	2.82598	fp
motifs.meme	9	WBGene00041712	2957	2.82484	fp
motifs.meme	9	WBGene00028973	2354	2.82385	fp
motifs.meme	9	WBGene00027649	4539	2.82308	fp
motifs.meme	9	WBGene00026019	305	2.80304	tp
motifs.meme	9	WBGene00034832	450	2.80171	tp
motifs.meme	9	WBGene00029129	309	2.79975	tp
motifs.meme	9	WBGene00040033	488	2.79904	tp
motifs.meme	9	WBGene00037720	536	2.7984	tp
motifs.meme	9	WBGene00037388	3771	2.79832	fp
motifs.meme	9	WBGene00033820	1263	2.79825	fp
motifs.meme	9	WBGene00032518	460	2.79776	tp
motifs.meme	9	WBGene00029057	3331	2.79725	fp
motifs.meme	9	WBGene00024812	4480	2.79687	fp
motifs.meme	9	WBGene00023852	254	2.79675	tp
motifs.meme	9	WBGene00035794	1924	2.79659	fp
motifs.meme	9	WBGene00029652	4550	2.79659	fp
motifs.meme	9	WBGene00029704	345	2.79613	tp
motifs.meme	9	WBGene00088526	2972	2.79573	fp
motifs.meme	9	WBGene00039017	174	2.79517	tp
motifs.meme	9	WBGene00041669	3146	2.79488	fp
motifs.meme	9	WBGene00028324	58	2.79455	tp
#
motifs.meme	24	WBGene00087859	4749	842.576	fp
motifs.meme	24	WBGene00027219	4489	842.126	fp
motifs.meme	24	WBGene00029188	1182	842.116	fp
motifs.meme	24	WBGene00037304	1948	842.1	fp
motifs.meme	24	WBGene00027844	64	519.77	tp
motifs.meme	24	WBGene00037246	888	519.756	fp
motifs.meme	24	WBGene00040094	785	31.1375	fp
motifs.meme	24	WBGene00025226	2251	30.9226	fp
motifs.meme	24	WBGene00026019	305	30.8633	tp
motifs.meme	24	WBGene00032458	1574	30.8447	fp
motifs.meme	24	WBGene00035015	1921	30.556	fp
motifs.meme	24	WBGene00037631	2863	30.5249	fp
motifs.meme	24	WBGene00034065	388	27.22	tp
motifs.meme	24	WBGene00031027	314	26.4184	tp
motifs.meme	24	WBGene00032421	3781	26.1474	fp
motifs.meme	24	WBGene00028521	3869	26.1381	fp
motifs.meme	24	WBGene00037943	799	25.9833	fp
motifs.meme	24	WBGene00036716	1037	25.9667	fp
motifs.meme	24	WBGene00037011	874	25.8207	fp
motifs.meme	24	WBGene00041638	560	25.806	tp
motifs.meme	24	WBGene00036886	231	25.774	tp
motifs.meme	24	WBGene00040146	4726	25.6778	fp
motifs.meme	24	WBGene00029483	3315	25.5018	fp
motifs.meme	24	WBGene00032472	4608	25.4999	fp
motifs.meme	24	WBGene00042056	771	25.4959	fp
motifs.meme	24	WBGene00035297	1660	25.4772	fp
motifs.meme	24	WBGene00034727	2897	25.4769	fp
motifs.meme	24	WBGene00034624	1257	25.4764	fp
motifs.meme	24	WBGene00037476	4455	16.7969	fp
motifs.meme	24	WBGene00029094	1589	16.5194	fp
motifs.meme	24	WBGene00035926	452	16.4207	tp
motifs.meme	24	WBGene00036722	3478	16.3755	fp
motifs.meme	24	WBGene00039699	1381	16.3557	fp
motifs.meme	24	WBGene00027449	3636	16.1565	fp
motifs.meme	24	WBGene00039687	1982	16.1456	fp
motifs.meme	24	WBGene00037611	1915	16.1222	fp
motifs.meme	24	WBGene00034044	2095	16.0697	fp
motifs.meme	24	WBGene00035080	1918	16.0582	fp
motifs.meme	24	WBGene00025793	4163	16.0341	fp
motifs.meme	24	WBGene00029914	4264	16.032	fp
motifs.meme	24	WBGene00032336	1029	16.0164	fp
motifs.meme	24	WBGene00023633	9	16.0149	tp
motifs.meme	24	WBGene00034123	1914	15.8751	fp
motifs.meme	24	WBGene00035106	114	15.8539	tp
motifs.meme	24	WBGene00027882	635	15.8455	fp
motifs.meme	24	WBGene00036629	1993	15.8426	fp
motifs.meme	24	WBGene00030498	4557	15.7658	fp
motifs.meme	24	WBGene00031228	4014	15.7631	fp
motifs.meme	24	WBGene00033906	752	15.7543	fp
motifs.meme	24	WBGene00026683	1185	15.7542	fp
motifs.meme	24	WBGene00027636	4196	15.7527	fp
motifs.meme	24	WBGene00025809	3420	15.7504	fp
motifs.meme	24	WBGene00030181	977	15.7498	fp
motifs.meme	24	WBGene00032634	2561	15.7454	fp
motifs.meme	24	WBGene00025776	291	15.7399	tp
motifs.meme	24	WBGene00031568	1498	15.7386	fp
motifs.meme	24	WBGene00025105	921	15.7348	fp
motifs.meme	24	WBGene00036073	1322	15.7274	fp
motifs.meme	24	WBGene00033384	4700	15.7237	fp
motifs.meme	24	WBGene00041634	519	15.6417	tp
motifs.meme	24	WBGene00039904	1911	15.631	fp
motifs.meme	24	WBGene00040110	4757	15.6039	fp
motifs.meme	24	WBGene00025898	290	15.5897	tp
motifs.meme	24	WBGene00032708	3080	15.5809	fp
motifs.meme	24	WBGene00088317	4729	15.5799	fp
motifs.meme	24	WBGene00033469	2145	15.5713	fp
motifs.meme	24	WBGene00026334	1471	15.5664	fp
motifs.meme	24	WBGene00035315	3958	15.5656	fp
motifs.meme	24	WBGene00026060	4177	15.5647	fp
motifs.meme	24	WBGene00039818	2834	15.5647	fp
motifs.meme	24	WBGene00025197	268	15.5641	tp
motifs.meme	24	WBGene00027950	1180	15.5623	fp
motifs.meme	24	WBGene00030978	700	15.5621	fp
motifs.meme	24	WBGene00023835	5	15.5621	tp
motifs.meme	24	WBGene00029414	349	15.5614	tp
motifs.meme	24	WBGene00033758	2190	15.5592	fp
motifs.meme	24	WBGene00042306	533	15.559	tp
motifs.meme	24	WBGene00029989	662	15.558	fp
motifs.meme	24	WBGene00041632	885	15.5556	fp
motifs.meme	24	WBGene00031801	4647	15.554	fp
motifs.meme	24	WBGene00040038	4405	15.5517	fp
motifs.meme	24	WBGene00036548	4452	15.5508	fp
motifs.meme	24	WBGene00042509	3252	15.55	fp
motifs.meme	24	WBGene00039518	2595	15.5449	fp
motifs.meme	24	WBGene00042604	1096	10.8079	fp
motifs.meme	24	WBGene00035813	4581	10.5614	fp
motifs.meme	24	WBGene00038403	526	10.5415	tp
motifs.meme	24	WBGene00025791	3619	10.1681	fp
motifs.meme	24	WBGene00036237	2491	10.0993	fp
motifs.meme	24	WBGene00041382	1397	10.0926	fp
motifs.meme	24	WBGene00035440	2198	10.0899	fp
motifs.meme	24	WBGene00037826	4383	10.073	fp
motifs.meme	24	WBGene00023952	2236	10.0702	fp
motifs.meme	24	WBGene00036355	1288	9.95246	fp
motifs.meme	24	WBGene00032911	2733	9.94545	fp
motifs.meme	24	WBGene00036663	2516	9.89598	fp
motifs.meme	24	WBGene00034879	3070	9.89194	fp
motifs.meme	24	WBGene00030942	1234	9.88721	fp
motifs.meme	24	WBGene00040446	3242	9.78572	fp
motifs.meme	24	WBGene00026090	22	9.67962	tp
motifs.meme	24	WBGene00034686	4278	9.65567	fp
motifs.meme	24	WBGene00031114	1021	9.64084	fp
motifs.meme	24	WBGene00030010	3445	9.6353	fp
motifs.meme	24	WBGene00027722	2210	9.63515	fp
motifs.meme	24	WBGene00025864	2268	9.63198	fp
motifs.meme	24	WBGene00030907	3025	9.62921	fp
motifs.meme	24	WBGene00029122	1803	9.62763	fp
motifs.meme	24	WBGene00042640	2967	9.61916	fp
motifs.meme	24	WBGene00035245	2079	9.61886	fp
motifs.meme	24	WBGene00087786	3346	9.61517	fp
motifs.meme	24	WBGene00037367	4670	9.61427	fp
motifs.meme	24	WBGene00032547	454	9.61426	tp
motifs.meme	24	WBGene00088749	4400	9.61131	fp
motifs.meme	24	WBGene00033015	2559	9.61089	fp
motifs.meme	24	WBGene00039527	185	9.61046	tp
motifs.meme	24	WBGene00036346	3720	9.60889	fp
motifs.meme	24	WBGene00040084	4367	9.60641	fp
motifs.meme	24	WBGene00026949	4509	9.60445	fp
motifs.meme	24	WBGene00035269	3681	9.60345	fp
motifs.meme	24	WBGene00033403	4577	9.60304	fp
motifs.meme	24	WBGene00086998	4723	9.59777	fp
motifs.meme	24	WBGene00026948	1777	9.59745	fp
motifs.meme	24	WBGene00027568	3041	9.59467	fp
motifs.meme	24	WBGene00033993	391	9.59452	tp
motifs.meme	24	WBGene00036182	1389	3.08131	fp
motifs.meme	24	WBGene00035776	184	1.55084	tp
motifs.meme	24	WBGene00025495	2261	1.53848	fp
motifs.meme	24	WBGene00024371	1722	1.4883	fp
motifs.meme	24	WBGene00034897	2942	1.46184	fp
motifs.meme	24	WBGene00036989	2492	1.43592	fp
motifs.meme	24	WBGene00088028	545	1.43492	tp
motifs.meme	24	WBGene00041353	3798	1.42512	fp
motifs.meme	24	WBGene00036147	418	1.41818	tp
motifs.meme	24	WBGene00027642	2727	1.41088	fp
motifs.meme	24	WBGene00035170	400	1.32888	tp
motifs.meme	24	WBGene00029578	2808	1.29763	fp
motifs.meme	24	WBGene00036225	2816	1.27869	fp
motifs.meme	24	WBGene00035101	2528	1.27125	fp
motifs.meme	24	WBGene00040398	2019	1.25833	fp
motifs.meme	24	WBGene00035060	2035	1.23535	fp
motifs.meme	24	WBGene00038551	3559	1.22983	fp
motifs.meme	24	WBGene00029239	4532	1.2237	fp
motifs.meme	24	WBGene00041864	220	1.21765	tp
motifs.meme	24	WBGene00028886	3872	1.20638	fp
motifs.meme	24	WBGene00030957	2356	1.18744	fp
motifs.meme	24	WBGene00034362	4011	1.1733	fp
motifs.meme	24	WBGene00041826	2584	1.15692	fp
motifs.meme	24	WBGene00031246	123	1.14717	tp
motifs.meme	24	WBGene00040636	539	1.13854	tp
motifs.meme	24	WBGene00028292	49	1.13705	tp
motifs.meme	24	WBGene00030239	2386	1.12806	fp
motifs.meme	24	WBGene00036930	828	1.11658	fp
motifs.meme	24	WBGene00029566	82	1.11523	tp
motifs.meme	24	WBGene00027801	3457	1.10267	fp
motifs.meme	24	WBGene00029967	2782	1.0846	fp
motifs.meme	24	WBGene00032250	97	1.07419	tp
motifs.meme	24	WBGene00032986	403	1.0705	tp
motifs.meme	24	WBGene00026142	29	1.06709	tp
motifs.meme	24	WBGene00033662	430	1.06704	tp
motifs.meme	24	WBGene00038577	479	1.06364	tp
#
motifs.meme	26	WBGene00036915	558	73889.4	tp
motifs.meme	26	WBGene00024346	2232	66519.5	fp
motifs.meme	26	WBGene00034259	478	66447.4	tp
motifs.meme	26	WBGene00024897	239	15493.9	tp
motifs.meme	26	WBGene00027062	613	14192.7	fp
motifs.meme	26	WBGene00038660	4044	14147.3	fp
motifs.meme	26	WBGene00033930	107	14146	tp
motifs.meme	26	WBGene00039382	3542	12135.9	fp
motifs.meme	26	WBGene00025386	11	10211.3	tp
motifs.meme	26	WBGene00038930	2936	9476.87	fp
motifs.meme	26	WBGene00038480	170	8190.04	tp
motifs.meme	26	WBGene00034425	4308	8175.56	fp
motifs.meme	26	WBGene00040244	3255	8115.83	fp
motifs.meme	26	WBGene00028031	4551	8101.76	fp
motifs.meme	26	WBGene00040716	528	7416.62	tp
motifs.meme	26	WBGene00034805	2924	6217.76	fp
motifs.meme	26	WBGene00038135	847	6106.67	fp
motifs.meme	26	WBGene00041059	1071	5419.39	fp
motifs.meme	26	WBGene00032250	97	5346.78	tp
motifs.meme	26	WBGene00037030	2939	4318.74	fp
motifs.meme	26	WBGene00025382	1431	4169.92	fp
motifs.meme	26	WBGene00037421	4360	4157.29	fp
motifs.meme	26	WBGene00025235	1143	4133.51	fp
motifs.meme	26	WBGene00035792	4304	4095.72	fp
motifs.meme	26	WBGene00036863	3257	3386.83	fp
motifs.meme	26	WBGene00025060	3813	2183.39	fp
motifs.meme	26	WBGene00024058	3803	2123.46	fp
motifs.meme	26	WBGene00037391	4440	2109.94	fp
motifs.meme	26	WBGene00034527	1203	2086.37	fp
motifs.meme	26	WBGene00023688	589	2086.1	fp
motifs.meme	26	WBGene00028187	965	2085.66	fp
motifs.meme	26	WBGene00025505	4176	1275.36	fp
motifs.meme	26	WBGene00038085	2518	1275.18	fp
motifs.meme	26	WBGene00034619	1645	1272.55	fp
motifs.meme	26	WBGene00024705	906	1251.57	fp
motifs.meme	26	WBGene00031069	353	1250.49	tp
motifs.meme	26	WBGene00038294	531	1250.49	tp
motifs.meme	26	WBGene00027946	3201	1249.8	fp
motifs.meme	26	WBGene00036267	2545	1228.22	fp
motifs.meme	26	WBGene00030545	2754	1228.01	fp
motifs.meme	26	WBGene00026083	287	1227.79	tp
motifs.meme	26	WBGene00034792	668	1227.29	fp
motifs.meme	26	WBGene00034897	2942	1226.97	fp
motifs.meme	26	WBGene00031145	1256	1226.87	fp
motifs.meme	26	WBGene00040602	4112	1226.45	fp
motifs.meme	26	WBGene00029632	757	1226.41	fp
motifs.meme	26	WBGene00030311	3628	173.354	fp
motifs.meme	26	WBGene00029656	1270	136.004	fp
motifs.meme	26	WBGene00038227	2549	100.047	fp
motifs.meme	26	WBGene00023699	19	99.245	tp
motifs.meme	26	WBGene00088028	545	86.8024	tp
motifs.meme	26	WBGene00036117	2501	86.1179	fp
motifs.meme	26	WBGene00029453	1243	76.741	fp
motifs.meme	26	WBGene00027954	1491	75.6171	fp
motifs.meme	26	WBGene00024411	4487	70.2336	fp
motifs.meme	26	WBGene00030069	147	68.0601	tp
motifs.meme	26	WBGene00034009	2099	63.6532	fp
motifs.meme	26	WBGene00027675	317	62.9168	tp
motifs.meme	26	WBGene00037741	3507	62.2638	fp
motifs.meme	26	WBGene00034509	4004	47.646	fp
motifs.meme	26	WBGene00028698	375	47.1625	tp
motifs.meme	26	WBGene00033905	87	46.6512	tp
motifs.meme	26	WBGene00036147	418	46.5473	tp
motifs.meme	26	WBGene00026354	2271	46.196	fp
motifs.meme	26	WBGene00034065	388	46.1178	tp
motifs.meme	26	WBGene00028546	1172	45.7153	fp
motifs.meme	26	WBGene00036716	1037	45.4674	fp
motifs.meme	26	WBGene00041632	885	45.3381	fp
motifs.meme	26	WBGene00038228	4063	45.3263	fp
motifs.meme	26	WBGene00024604	255	45.3254	tp
motifs.meme	26	WBGene00087802	4759	45.3172	fp
motifs.meme	26	WBGene00029705	320	45.3056	tp
motifs.meme	26	WBGene00032345	4261	40.2871	fp
motifs.meme	26	WBGene00041463	857	39.674	fp
motifs.meme	26	WBGene00034121	733	39.631	fp
motifs.meme	26	WBGene00034068	995	39.4056	fp
motifs.meme	26	WBGene00039741	157	39.2297	tp
motifs.meme	26	WBGene00037216	2892	39.1193	fp
motifs.meme	26	WBGene00033994	667	38.5621	fp
motifs.meme	26	WBGene00033580	2170	38.5247	fp
motifs.meme	26	WBGene00025933	1465	38.4962	fp
motifs.meme	26	WBGene00036237	2491	38.2582	fp
motifs.meme	26	WBGene00030330	688	37.6377	fp
motifs.meme	26	WBGene00038285	2546	37.1678	fp
motifs.meme	26	WBGene00032223	710	37.1608	fp
motifs.meme	26	WBGene00041497	763	27.4159	fp
motifs.meme	26	WBGene00026181	1445	27.2683	fp
motifs.meme	26	WBGene00037705	2852	27.1883	fp
motifs.meme	26	WBGene00038759	2620	25.6734	fp
motifs.meme	26	WBGene00034786	748	25.4026	fp
motifs.meme	26	WBGene00026576	50	25.3384	tp
motifs.meme	26	WBGene00041634	519	25.2168	tp
motifs.meme	26	WBGene00040433	1297	25.1698	fp
motifs.meme	26	WBGene00035776	184	25.1493	tp
motifs.meme	26	WBGene00032214	2202	25.1084	fp
motifs.meme	26	WBGene00036944	852	24.926	fp
motifs.meme	26	WBGene00026979	4494	24.9089	fp
motifs.meme	26	WBGene00032911	2733	24.7951	fp
motifs.meme	26	WBGene00041838	2600	24.7927	fp
motifs.meme	26	WBGene00040499	532	24.7903	tp
motifs.meme	26	WBGene00034820	3510	24.7792	fp
motifs.meme	26	WBGene00040807	3680	24.7287	fp
motifs.meme	26	WBGene00032450	2773	24.7039	fp
motifs.meme	26	WBGene00041934	4415	24.6349	fp
motifs.meme	26	WBGene00041870	2623	24.6337	fp
motifs.meme	26	WBGene00037144	4643	24.6333	fp
motifs.meme	26	WBGene00033466	716	24.6298	fp
motifs.meme	26	WBGene00025172	2665	24.6138	fp
motifs.meme	26	WBGene00029169	78	24.6097	tp
motifs.meme	26	WBGene00041041	1063	24.5233	fp
motifs.meme	26	WBGene00035507	974	24.5095	fp
motifs.meme	26	WBGene00029099	3658	24.4777	fp
motifs.meme	26	WBGene00038687	2911	24.4744	fp
motifs.meme	26	WBGene00025779	4491	24.4575	fp
motifs.meme	26	WBGene00025592	272	24.4476	tp
motifs.meme	26	WBGene00036719	864	24.3836	fp
motifs.meme	26	WBGene00025175	262	24.3437	tp
motifs.meme	26	WBGene00040789	839	24.2233	fp
motifs.meme	26	WBGene00041660	4378	24.1871	fp
motifs.meme	26	WBGene00025090	2663	24.0849	fp
motifs.meme	26	WBGene00028934	655	24.0734	fp
motifs.meme	26	WBGene00039758	512	24.0431	tp
motifs.meme	26	WBGene00036583	1668	24.0394	fp
motifs.meme	26	WBGene00025223	294	24.0363	tp
motifs.meme	26	WBGene00035813	4581	24.001	fp
motifs.meme	26	WBGene00026558	1794	23.9129	fp
motifs.meme	26	WBGene00042406	2155	23.904	fp
motifs.meme	26	WBGene00031409	3914	23.8909	fp
motifs.meme	26	WBGene00041865	2976	23.8534	fp
motifs.meme	26	WBGene00041242	1618	23.8462	fp
motifs.meme	26	WBGene00087550	4717	23.803	fp
motifs.meme	26	WBGene00032262	115	23.8029	tp
motifs.meme	26	WBGene00025876	620	23.7915	fp
motifs.meme	26	WBGene00032080	2488	23.5532	fp
motifs.meme	26	WBGene00032614	2799	23.5297	fp
motifs.meme	26	WBGene00031553	1228	23.5246	fp
motifs.meme	26	WBGene00027052	3188	23.52	fp
motifs.meme	26	WBGene00026575	2715	23.5082	fp
motifs.meme	26	WBGene00039904	1911	23.5065	fp
motifs.meme	26	WBGene00032457	438	23.5014	tp
motifs.meme	26	WBGene00038541	2858	23.4959	fp
motifs.meme	26	WBGene00033831	1273	23.4906	fp
motifs.meme	26	WBGene00087513	4732	23.4811	fp
motifs.meme	26	WBGene00031267	2439	23.4809	fp
motifs.meme	26	WBGene00027969	378	23.432	tp
motifs.meme	26	WBGene00038551	3559	23.3887	fp
motifs.meme	26	WBGene00025082	263	23.3868	tp
motifs.meme	26	WBGene00032238	118	23.3741	tp
motifs.meme	26	WBGene00036189	1034	23.3726	fp
motifs.meme	26	WBGene00026013	3832	23.3707	fp
motifs.meme	26	WBGene00034579	1014	23.367	fp
motifs.meme	26	WBGene00030556	330	23.361	tp
motifs.meme	26	WBGene00026048	1775	23.3474	fp
motifs.meme	26	WBGene00030859	746	23.3421	fp
motifs.meme	26	WBGene00039385	3235	23.3374	fp
motifs.meme	26	WBGene00037046	2474	23.3291	fp
motifs.meme	26	WBGene00025753	2672	23.322	fp
motifs.meme	26	WBGene00039699	1381	23.18	fp
motifs.meme	26	WBGene00026112	40	23.1586	tp
motifs.meme	26	WBGene00036722	3478	23.1535	fp
motifs.meme	26	WBGene00041353	3798	23.1528	fp
motifs.meme	26	WBGene00030530	738	23.1385	fp
motifs.meme	26	WBGene00042009	2157	23.138	fp
motifs.meme	26	WBGene00030431	2732	23.1318	fp
motifs.meme	26	WBGene00030805	2385	23.1244	fp
motifs.meme	26	WBGene00023906	2233	23.1218	fp
motifs.meme	26	WBGene00037141	3262	23.1208	fp
motifs.meme	26	WBGene00032518	460	23.1171	tp
motifs.meme	26	WBGene00032594	3677	23.1119	fp
motifs.meme	26	WBGene00037310	4368	23.1114	fp
motifs.meme	26	WBGene00041826	2584	23.1082	fp
motifs.meme	26	WBGene00033975	3227	23.1012	fp
motifs.meme	26	WBGene00024021	16	23.1004	tp
motifs.meme	26	WBGene00038248	4427	23.0996	fp
motifs.meme	26	WBGene00040398	2019	23.0967	fp
motifs.meme	26	WBGene00030728	1246	23.0958	fp
motifs.meme	26	WBGene00040568	232	23.0935	tp
motifs.meme	26	WBGene00087859	4749	23.0931	fp
motifs.meme	26	WBGene00039949	2626	23.0902	fp
motifs.meme	26	WBGene00024027	258	23.0902	tp
motifs.meme	26	WBGene00029068	2779	23.0893	fp
motifs.meme	26	WBGene00030688	347	23.0876	tp
motifs.meme	26	WBGene00040588	2613	23.0876	fp
motifs.meme	26	WBGene00087532	4365	23.0875	fp
motifs.meme	26	WBGene00033490	677	23.0872	fp
motifs.meme	26	WBGene00036908	177	23.0862	tp
motifs.meme	26	WBGene00026055	2709	23.0833	fp
motifs.meme	26	WBGene00031298	1236	23.081	fp
motifs.meme	26	WBGene00040051	1610	23.0794	fp
motifs.meme	26	WBGene00041915	3394	23.0791	fp
motifs.meme	26	WBGene00028532	2745	23.0772	fp
motifs.meme	26	WBGene00034852	407	23.0768	tp
motifs.meme	26	WBGene00033110	3679	23.0674	fp
motifs.meme	26	WBGene00025206	269	23.0631	tp
motifs.meme	26	WBGene00029362	3441	23.0627	fp
motifs.meme	26	WBGene00034315	975	23.0625	fp
motifs.meme	26	WBGene00027642	2727	23.0549	fp
motifs.meme	26	WBGene00029328	4202	23.0547	fp
motifs.meme	26	WBGene00037289	4097	22.7153	fp
motifs.meme	26	WBGene00027738	1153	22.7123	fp
motifs.meme	26	WBGene00026020	2280	22.7033	fp
motifs.meme	26	WBGene00037904	1069	22.702	fp
motifs.meme	26	WBGene00041453	3540	22.6981	fp
motifs.meme	26	WBGene00040911	4102	22.6966	fp
motifs.meme	26	WBGene00027346	3307	22.6931	fp
motifs.meme	26	WBGene00040211	1637	22.6914	fp
motifs.meme	26	WBGene00040697	1358	22.6877	fp
motifs.meme	26	WBGene00036159	4687	22.6877	fp
motifs.meme	26	WBGene00027352	3054	22.686	fp
motifs.meme	26	WBGene00033697	3470	22.6836	fp
motifs.meme	26	WBGene00033238	1826	22.6799	fp
motifs.meme	26	WBGene00035596	3095	22.6768	fp
motifs.meme	26	WBGene00036930	828	22.6752	fp
motifs.meme	26	WBGene00024703	15	22.6751	tp
motifs.meme	26	WBGene00031803	754	22.6695	fp
motifs.meme	26	WBGene00027055	4224	22.669	fp
motifs.meme	26	WBGene00033363	4665	22.6653	fp
motifs.meme	26	WBGene00034057	3902	22.6647	fp
motifs.meme	26	WBGene00030986	2391	22.6646	fp
motifs.meme	26	WBGene00024858	4474	22.6644	fp
motifs.meme	26	WBGene00035156	427	22.6636	tp
motifs.meme	26	WBGene00032956	88	22.66	tp
motifs.meme	26	WBGene00024613	600	22.6578	fp
motifs.meme	26	WBGene00035486	3396	22.6577	fp
motifs.meme	26	WBGene00033875	981	22.6575	fp
motifs.meme	26	WBGene00029228	3316	22.6573	fp
motifs.meme	26	WBGene00026395	3288	22.6569	fp
motifs.meme	26	WBGene00039017	174	22.6529	tp
motifs.meme	26	WBGene00034948	2445	22.6528	fp
motifs.meme	26	WBGene00037487	1094	22.6521	fp
motifs.meme	26	WBGene00034880	142	22.6505	tp
motifs.meme	26	WBGene00040038	4405	22.6491	fp
motifs.meme	26	WBGene00030239	2386	22.6458	fp
motifs.meme	26	WBGene00032603	3685	22.6454	fp
motifs.meme	26	WBGene00028925	2371	22.6452	fp
motifs.meme	26	WBGene00042604	1096	22.6447	fp
motifs.meme	26	WBGene00029917	2361	22.6374	fp
motifs.meme	26	WBGene00040644	2601	22.6369	fp
motifs.meme	26	WBGene00037968	2511	4.81858	fp
motifs.meme	26	WBGene00034508	1919	4.45181	fp
motifs.meme	26	WBGene00041929	3129	4.24619	fp
motifs.meme	26	WBGene00033304	4339	3.38029	fp
motifs.meme	26	WBGene00027095	4219	3.30648	fp
motifs.meme	26	WBGene00035471	3110	3.19356	fp
motifs.meme	26	WBGene00033802	4593	2.58078	fp
motifs.meme	26	WBGene00032296	117	2.55259	tp
motifs.meme	26	WBGene00031583	409	2.53648	tp
motifs.meme	26	WBGene00030195	357	2.44838	tp
motifs.meme	26	WBGene00024010	934	2.43551	fp
motifs.meme	26	WBGene00041485	1308	2.43092	fp
motifs.meme	26	WBGene00089421	2639	2.41454	fp
motifs.meme	26	WBGene00034483	4337	2.31605	fp
motifs.meme	26	WBGene00024054	2229	2.27124	fp
motifs.meme	26	WBGene00034558	3971	2.25591	fp
motifs.meme	26	WBGene00029438	4562	2.24577	fp
motifs.meme	26	WBGene00030416	2350	2.2399	fp
motifs.meme	26	WBGene00035090	2900	2.15837	fp
motifs.meme	26	WBGene00031246	123	2.14833	tp
motifs.meme	26	WBGene00023712	4139	2.12264	fp
motifs.meme	26	WBGene00031801	4647	2.10205	fp
motifs.meme	26	WBGene00032592	1573	2.09467	fp
motifs.meme	26	WBGene00035004	783	2.08054	fp
motifs.meme	26	WBGene00025117	1135	2.067	fp
motifs.meme	26	WBGene00031604	425	2.05651	tp
motifs.meme	26	WBGene00037024	2434	2.02665	fp
motifs.meme	26	WBGene00086786	2625	2.00454	fp
motifs.meme	26	WBGene00040094	785	1.97548	fp
motifs.meme	26	WBGene00034802	993	1.95943	fp
motifs.meme	26	WBGene00041802	2194	1.9511	fp
motifs.meme	26	WBGene00029335	4556	1.94244	fp
motifs.meme	26	WBGene00036582	559	1.91773	tp
motifs.meme	26	WBGene00040832	4095	1.88845	fp
motifs.meme	26	WBGene00037151	777	1.8857	fp
motifs.meme	26	WBGene00039182	873	1.87099	fp
motifs.meme	26	WBGene00023633	9	1.85914	tp
motifs.meme	26	WBGene00037182	2498	1.8422	fp
motifs.meme	26	WBGene00029364	4524	1.83393	fp
motifs.meme	26	WBGene00033938	1497	1.83001	fp
motifs.meme	26	WBGene00032192	1011	1.81478	fp
motifs.meme	26	WBGene00042096	3552	1.81445	fp
motifs.meme	26	WBGene00032348	973	1.81041	fp
motifs.meme	26	WBGene00026059	4156	1.80137	fp
motifs.meme	26	WBGene00036906	4648	1.78224	fp
motifs.meme	26	WBGene00034010	3098	1.74803	fp
motifs.meme	26	WBGene00025898	290	1.74668	tp
motifs.meme	26	WBGene00025918	3603	1.73809	fp
motifs.meme	26	WBGene00025274	2256	1.73627	fp
motifs.meme	26	WBGene00030541	729	1.72412	fp
motifs.meme	26	WBGene00029160	2750	1.72241	fp
motifs.meme	26	WBGene00023975	2658	1.72198	fp
motifs.meme	26	WBGene00025495	2261	1.72165	fp
motifs.meme	26	WBGene00027221	3856	1.71673	fp
motifs.meme	26	WBGene00030846	119	1.71494	tp
motifs.meme	26	WBGene00036903	2890	1.70919	fp
motifs.meme	26	WBGene00035616	2077	1.70527	fp
motifs.meme	26	WBGene00025840	36	1.70526	tp
motifs.meme	26	WBGene00033939	1009	1.70446	fp
motifs.meme	26	WBGene00030060	4343	1.69843	fp
motifs.meme	26	WBGene00025685	2185	1.68472	fp
motifs.meme	26	WBGene00040794	166	1.68303	tp
motifs.meme	26	WBGene00032986	403	1.63956	tp
motifs.meme	26	WBGene00034812	422	1.6102	tp
motifs.meme	26	WBGene00027107	3018	1.60663	fp
motifs.meme	26	WBGene00038815	1971	1.56752	fp
motifs.meme	26	WBGene00041863	156	1.55626	tp
motifs.meme	26	WBGene00035130	2039	1.55539	fp
motifs.meme	26	WBGene00035018	2947	1.55051	fp
motifs.meme	26	WBGene00041868	2631	1.54967	fp
motifs.meme	26	WBGene00041382	1397	1.54289	fp
motifs.meme	26	WBGene00035322	3251	1.54261	fp
motifs.meme	26	WBGene00032048	3113	1.52403	fp
motifs.meme	26	WBGene00024884	4473	1.47966	fp
motifs.meme	26	WBGene00038568	4740	1.45802	fp
motifs.meme	26	WBGene00036685	2949	1.44583	fp
motifs.meme	26	WBGene00039463	4422	1.44168	fp
motifs.meme	26	WBGene00027677	346	1.43847	tp
motifs.meme	26	WBGene00038406	570	1.43478	tp
motifs.meme	26	WBGene00037943	799	1.4193	fp
motifs.meme	26	WBGene00040421	869	1.40959	fp
motifs.meme	26	WBGene00032247	3767	1.40413	fp
motifs.meme	26	WBGene00029914	4264	1.3889	fp
motifs.meme	26	WBGene00033500	2920	1.38124	fp
motifs.meme	26	WBGene00024085	4479	1.37592	fp
motifs.meme	26	WBGene00035478	2921	1.37082	fp
motifs.meme	26	WBGene00035095	1634	1.36621	fp
motifs.meme	26	WBGene00035326	445	1.36079	tp
motifs.meme	26	WBGene00029081	1159	1.35206	fp
motifs.meme	26	WBGene00036962	4673	1.34798	fp
motifs.meme	26	WBGene00040797	4349	1.34742	fp
motifs.meme	26	WBGene00037320	2416	1.34102	fp
motifs.meme	26	WBGene00029217	4536	1.33693	fp
motifs.meme	26	WBGene00024935	1753	1.32662	fp
motifs.meme	26	WBGene00035228	803	1.32055	fp
motifs.meme	26	WBGene00034133	124	1.31499	tp
motifs.meme	26	WBGene00029841	1534	1.30838	fp
motifs.meme	26	WBGene00035652	1664	1.30768	fp
motifs.meme	26	WBGene00030111	1837	1.30685	fp
motifs.meme	26	WBGene00037106	2419	1.3051	fp
motifs.meme	26	WBGene00036234	449	1.30313	tp
motifs.meme	26	WBGene00032781	4270	1.30023	fp
motifs.meme	26	WBGene00034609	1697	1.29433	fp
motifs.meme	26	WBGene00031242	3490	1.29013	fp
motifs.meme	26	WBGene00040100	152	1.2897	tp
motifs.meme	26	WBGene00032547	454	1.28958	tp
#
motifs.meme	27	WBGene00024897	239	770514	tp
motifs.meme	27	WBGene00027062	613	766491	fp
motifs.meme	27	WBGene00038660	4044	766415	fp
motifs.meme	27	WBGene00033930	107	766414	tp
motifs.meme	27	WBGene00039382	3542	657512	fp
motifs.meme	27	WBGene00025386	11	550695	tp
motifs.meme	27	WBGene00038930	2936	445811	fp
motifs.meme	27	WBGene00038480	170	443726	tp
motifs.meme	27	WBGene00034425	4308	441716	fp
motifs.meme	27	WBGene00040244	3255	439706	fp
motifs.meme	27	WBGene00028031	4551	437696	fp
motifs.meme	27	WBGene00036915	558	338957	tp
motifs.meme	27	WBGene00034805	2924	334898	fp
motifs.meme	27	WBGene00040716	528	332890	tp
motifs.meme	27	WBGene00038135	847	330804	fp
motifs.meme	27	WBGene00041059	1071	225961	fp
motifs.meme	27	WBGene00037421	4360	223986	fp
motifs.meme	27	WBGene00025235	1143	223948	fp
motifs.meme	27	WBGene00025382	1431	223948	fp
motifs.meme	27	WBGene00032250	97	222050	tp
motifs.meme	27	WBGene00035792	4304	221901	fp
motifs.meme	27	WBGene00037030	2939	127069	fp
motifs.meme	27	WBGene00025060	3813	117020	fp
motifs.meme	27	WBGene00036863	3257	117019	fp
motifs.meme	27	WBGene00024058	3803	115046	fp
motifs.meme	27	WBGene00037391	4440	113040	fp
motifs.meme	27	WBGene00034527	1203	113035	fp
motifs.meme	27	WBGene00023688	589	112998	fp
motifs.meme	27	WBGene00028187	965	112998	fp
motifs.meme	27	WBGene00030311	3628	6142.98	fp
motifs.meme	27	WBGene00024346	2232	6106.45	fp
motifs.meme	27	WBGene00029656	1270	4169.91	fp
motifs.meme	27	WBGene00023699	19	4096.4	tp
motifs.meme	27	WBGene00027954	1491	4095.7	fp
motifs.meme	27	WBGene00034009	2099	2197.01	fp
motifs.meme	27	WBGene00034259	478	2196.95	tp
motifs.meme	27	WBGene00038227	2549	2161.99	fp
motifs.meme	27	WBGene00029453	1243	2160.57	fp
motifs.meme	27	WBGene00027675	317	2159.9	tp
motifs.meme	27	WBGene00088028	545	2128.47	tp
motifs.meme	27	WBGene00032345	4261	2122.79	fp
motifs.meme	27	WBGene00041463	857	2087.13	fp
motifs.meme	27	WBGene00034068	995	2086.38	fp
motifs.meme	27	WBGene00039741	157	2086.38	tp
motifs.meme	27	WBGene00033580	2170	2085.65	fp
motifs.meme	27	WBGene00036117	2501	191.894	fp
motifs.meme	27	WBGene00026181	1445	189.03	fp
motifs.meme	27	WBGene00037705	2852	188.267	fp
motifs.meme	27	WBGene00025505	4176	157.405	fp
motifs.meme	27	WBGene00024705	906	152.563	fp
motifs.meme	27	WBGene00037741	3507	151.205	fp
motifs.meme	27	WBGene00034121	733	151.166	fp
motifs.meme	27	WBGene00038085	2518	122.476	fp
motifs.meme	27	WBGene00041497	763	117.594	fp
motifs.meme	27	WBGene00031069	353	114.819	tp
motifs.meme	27	WBGene00033994	667	113.419	fp
motifs.meme	27	WBGene00031583	409	112.722	tp
motifs.meme	27	WBGene00035471	3110	112.709	fp
motifs.meme	27	WBGene00038294	531	80.3901	tp
motifs.meme	27	WBGene00038759	2620	79.8468	fp
motifs.meme	27	WBGene00041868	2631	79.7699	fp
motifs.meme	27	WBGene00027095	4219	78.4807	fp
motifs.meme	27	WBGene00040433	1297	78.3894	fp
motifs.meme	27	WBGene00041634	519	78.3763	tp
motifs.meme	27	WBGene00034820	3510	78.3501	fp
motifs.meme	27	WBGene00033304	4339	77.7018	fp
motifs.meme	27	WBGene00036944	852	77.7018	fp
motifs.meme	27	WBGene00026979	4494	77.7017	fp
motifs.meme	27	WBGene00030545	2754	77.109	fp
motifs.meme	27	WBGene00037216	2892	77.068	fp
motifs.meme	27	WBGene00040807	3680	76.9779	fp
motifs.meme	27	WBGene00026083	287	76.3191	tp
motifs.meme	27	WBGene00036237	2491	76.3079	fp
motifs.meme	27	WBGene00029099	3658	76.3072	fp
motifs.meme	27	WBGene00025779	4491	76.3071	fp
motifs.meme	27	WBGene00025933	1465	76.2933	fp
motifs.meme	27	WBGene00032450	2773	76.2805	fp
motifs.meme	27	WBGene00028934	655	75.6599	fp
motifs.meme	27	WBGene00036685	2949	75.6342	fp
motifs.meme	27	WBGene00034558	3971	75.6227	fp
motifs.meme	27	WBGene00033938	1497	75.6093	fp
motifs.meme	27	WBGene00029364	4524	75.6087	fp
motifs.meme	27	WBGene00024411	4487	44.7238	fp
motifs.meme	27	WBGene00025175	262	43.4304	tp
motifs.meme	27	WBGene00027946	3201	43.2892	fp
motifs.meme	27	WBGene00041041	1063	42.6178	fp
motifs.meme	27	WBGene00034786	748	42.0882	fp
motifs.meme	27	WBGene00030330	688	41.9847	fp
motifs.meme	27	WBGene00041929	3129	41.4393	fp
motifs.meme	27	WBGene00034483	4337	41.325	fp
motifs.meme	27	WBGene00034619	1645	41.3124	fp
motifs.meme	27	WBGene00023633	9	41.2473	tp
motifs.meme	27	WBGene00025090	2663	41.2354	fp
motifs.meme	27	WBGene00032911	2733	40.7061	fp
motifs.meme	27	WBGene00034897	2942	40.6798	fp
motifs.meme	27	WBGene00033802	4593	40.6441	fp
motifs.meme	27	WBGene00023712	4139	40.5897	fp
motifs.meme	27	WBGene00025876	620	40.5896	fp
motifs.meme	27	WBGene00041870	2623	40.588	fp
motifs.meme	27	WBGene00037144	4643	40.5756	fp
motifs.meme	27	WBGene00038568	4740	40.5654	fp
motifs.meme	27	WBGene00031801	4647	40.5641	fp
motifs.meme	27	WBGene00037968	2511	40.1352	fp
motifs.meme	27	WBGene00034792	668	39.9681	fp
motifs.meme	27	WBGene00033466	716	39.9566	fp
motifs.meme	27	WBGene00025172	2665	39.917	fp
motifs.meme	27	WBGene00040602	4112	39.8787	fp
motifs.meme	27	WBGene00035004	783	39.8656	fp
motifs.meme	27	WBGene00036583	1668	39.8655	fp
motifs.meme	27	WBGene00034579	1014	39.8653	fp
motifs.meme	27	WBGene00036267	2545	39.2868	fp
motifs.meme	27	WBGene00027677	346	39.2455	tp
motifs.meme	27	WBGene00040421	869	39.2321	fp
motifs.meme	27	WBGene00031145	1256	39.2208	fp
motifs.meme	27	WBGene00036189	1034	39.2187	fp
motifs.meme	27	WBGene00030556	330	39.2075	tp
motifs.meme	27	WBGene00039867	3274	39.2065	fp
motifs.meme	27	WBGene00026048	1775	39.2056	fp
motifs.meme	27	WBGene00038285	2546	39.1937	fp
motifs.meme	27	WBGene00039758	512	39.1829	tp
motifs.meme	27	WBGene00037159	4586	39.1819	fp
motifs.meme	27	WBGene00038344	1048	39.1817	fp
motifs.meme	27	WBGene00023973	4123	39.1808	fp
motifs.meme	27	WBGene00024128	3291	38.6011	fp
motifs.meme	27	WBGene00025692	3415	38.5721	fp
motifs.meme	27	WBGene00030416	2350	38.5716	fp
motifs.meme	27	WBGene00029169	78	38.5623	tp
motifs.meme	27	WBGene00032223	710	38.5604	fp
motifs.meme	27	WBGene00025082	263	38.5239	tp
motifs.meme	27	WBGene00029632	757	38.5089	fp
motifs.meme	27	WBGene00032256	3208	38.4989	fp
motifs.meme	27	WBGene00030098	3436	38.4961	fp
motifs.meme	27	WBGene00030859	746	38.4957	fp
motifs.meme	27	WBGene00025753	2672	37.7979	fp
motifs.meme	27	WBGene00034509	4004	7.80322	fp
motifs.meme	27	WBGene00040094	785	7.73881	fp
motifs.meme	27	WBGene00035776	184	7.69971	tp
motifs.meme	27	WBGene00034065	388	7.64918	tp
motifs.meme	27	WBGene00036716	1037	6.99057	fp
motifs.meme	27	WBGene00030069	147	6.97792	tp
motifs.meme	27	WBGene00034508	1919	6.56007	fp
motifs.meme	27	WBGene00028698	375	6.31984	tp
motifs.meme	27	WBGene00037151	777	6.21618	fp
motifs.meme	27	WBGene00036582	559	5.5962	tp
motifs.meme	27	WBGene00041865	2976	5.57093	fp
motifs.meme	27	WBGene00035507	974	5.55712	fp
motifs.meme	27	WBGene00032986	403	5.54495	tp
motifs.meme	27	WBGene00041802	2194	4.94994	fp
motifs.meme	27	WBGene00024054	2229	4.92224	fp
motifs.meme	27	WBGene00037041	2500	4.89817	fp
motifs.meme	27	WBGene00024884	4473	4.89787	fp
motifs.meme	27	WBGene00040832	4095	4.85924	fp
motifs.meme	27	WBGene00087550	4717	4.83255	fp
motifs.meme	27	WBGene00039463	4422	4.82083	fp
motifs.meme	27	WBGene00038406	570	4.82062	tp
motifs.meme	27	WBGene00026576	50	4.34043	tp
motifs.meme	27	WBGene00032214	2202	4.32949	fp
motifs.meme	27	WBGene00026354	2271	4.22616	fp
motifs.meme	27	WBGene00041934	4415	4.22477	fp
motifs.meme	27	WBGene00041353	3798	4.18948	fp
motifs.meme	27	WBGene00032262	115	4.1859	tp
motifs.meme	27	WBGene00032592	1573	4.17311	fp
motifs.meme	27	WBGene00038687	2911	4.15993	fp
motifs.meme	27	WBGene00038551	3559	4.14991	fp
motifs.meme	27	WBGene00037943	799	3.60756	fp
motifs.meme	27	WBGene00033905	87	3.5951	tp
motifs.meme	27	WBGene00032348	973	3.59298	fp
motifs.meme	27	WBGene00025117	1135	3.56886	fp
motifs.meme	27	WBGene00041485	1308	3.56626	fp
motifs.meme	27	WBGene00035813	4581	3.55367	fp
motifs.meme	27	WBGene00035095	1634	3.55146	fp
motifs.meme	27	WBGene00026112	40	3.54236	tp
motifs.meme	27	WBGene00036719	864	3.54118	fp
motifs.meme	27	WBGene00023596	256	3.51834	tp
motifs.meme	27	WBGene00036263	2570	3.51617	fp
motifs.meme	27	WBGene00039182	873	3.51478	fp
motifs.meme	27	WBGene00027969	378	3.50241	tp
motifs.meme	27	WBGene00034010	3098	3.50114	fp
motifs.meme	27	WBGene00037182	2498	3.48827	fp
motifs.meme	27	WBGene00025238	2246	3.46477	fp
motifs.meme	27	WBGene00023728	3004	3.45034	fp
motifs.meme	27	WBGene00034802	993	3.07509	fp
motifs.meme	27	WBGene00029914	4264	2.92062	fp
motifs.meme	27	WBGene00036722	3478	2.90661	fp
motifs.meme	27	WBGene00038525	2844	2.89552	fp
motifs.meme	27	WBGene00037024	2434	2.89272	fp
motifs.meme	27	WBGene00029438	4562	2.8865	fp
motifs.meme	27	WBGene00034440	1983	2.88167	fp
motifs.meme	27	WBGene00034693	2446	2.88102	fp
motifs.meme	27	WBGene00028540	1543	2.86722	fp
motifs.meme	27	WBGene00023765	1721	2.86649	fp
motifs.meme	27	WBGene00025358	1748	2.86649	fp
motifs.meme	27	WBGene00031512	1517	2.86645	fp
motifs.meme	27	WBGene00040797	4349	2.85717	fp
motifs.meme	27	WBGene00024249	248	2.85621	tp
motifs.meme	27	WBGene00027107	3018	2.85604	fp
motifs.meme	27	WBGene00035272	1990	2.85476	fp
motifs.meme	27	WBGene00041471	4762	2.84452	fp
motifs.meme	27	WBGene00042009	2157	2.84447	fp
motifs.meme	27	WBGene00025226	2251	2.83141	fp
motifs.meme	27	WBGene00027738	1153	2.83068	fp
motifs.meme	27	WBGene00035174	3102	2.82902	fp
motifs.meme	27	WBGene00037904	1069	2.82838	fp
motifs.meme	27	WBGene00041632	885	2.81764	fp
motifs.meme	27	WBGene00032238	118	2.8176	tp
motifs.meme	27	WBGene00031368	2762	2.81664	fp
motifs.meme	27	WBGene00037320	2416	2.80543	fp
motifs.meme	27	WBGene00039130	1061	2.80445	fp
motifs.meme	27	WBGene00039141	213	2.80371	tp
motifs.meme	27	WBGene00034123	1914	2.80352	fp
motifs.meme	27	WBGene00034890	3073	2.80327	fp
motifs.meme	27	WBGene00039303	3240	2.80326	fp
motifs.meme	27	WBGene00036350	2568	2.80276	fp
motifs.meme	27	WBGene00028933	952	2.79321	fp
motifs.meme	27	WBGene00025939	43	2.79302	tp
motifs.meme	27	WBGene00037488	2846	2.79254	fp
motifs.meme	27	WBGene00025223	294	2.79237	tp
motifs.meme	27	WBGene00041856	4457	2.79159	fp
motifs.meme	27	WBGene00028460	1528	2.79135	fp
motifs.meme	27	WBGene00032192	1011	2.79112	fp
motifs.meme	27	WBGene00026013	3832	2.79111	fp
motifs.meme	27	WBGene00032247	3767	2.79109	fp
motifs.meme	27	WBGene00028546	1172	2.79059	fp
motifs.meme	27	WBGene00040211	1637	2.77944	fp
motifs.meme	27	WBGene00038114	2523	2.77939	fp
motifs.meme	27	WBGene00034837	2403	2.77803	fp
motifs.meme	27	WBGene00024974	2990	2.77797	fp
motifs.meme	27	WBGene00040872	4772	2.77776	fp
motifs.meme	27	WBGene00027192	958	2.77748	fp
motifs.meme	27	WBGene00033233	705	2.76637	fp
motifs.meme	27	WBGene00041826	2584	2.76586	fp
motifs.meme	27	WBGene00040697	1358	2.76517	fp
motifs.meme	27	WBGene00032210	1279	2.76493	fp
motifs.meme	27	WBGene00027968	3324	2.28609	fp
motifs.meme	27	WBGene00034812	422	2.24676	tp
motifs.meme	27	WBGene00030195	357	2.23555	tp
motifs.meme	27	WBGene00025495	2261	2.2344	fp
motifs.meme	27	WBGene00025793	4163	2.21096	fp
motifs.meme	27	WBGene00035522	2575	2.21078	fp
motifs.meme	27	WBGene00039699	1381	2.19958	fp
motifs.meme	27	WBGene00040789	839	2.19784	fp
motifs.meme	27	WBGene00024010	934	2.19722	fp
motifs.meme	27	WBGene00030530	738	2.19691	fp
motifs.meme	27	WBGene00089421	2639	2.19648	fp
motifs.meme	27	WBGene00025612	2670	2.18762	fp
motifs.meme	27	WBGene00041242	1618	2.18738	fp
motifs.meme	27	WBGene00032508	4269	2.17472	fp
motifs.meme	27	WBGene00032467	2414	2.15977	fp
motifs.meme	27	WBGene00036706	1703	2.15855	fp
motifs.meme	27	WBGene00087242	794	2.15805	fp
motifs.meme	27	WBGene00033975	3227	2.15685	fp
motifs.meme	27	WBGene00041845	1073	2.14637	fp
motifs.meme	27	WBGene00032518	460	2.14543	tp
motifs.meme	27	WBGene00087802	4759	2.14448	fp
motifs.meme	27	WBGene00037028	2441	2.14423	fp
motifs.meme	27	WBGene00031964	1206	2.14382	fp
motifs.meme	27	WBGene00037106	2419	2.14329	fp
motifs.meme	27	WBGene00025174	3589	2.13458	fp
motifs.meme	27	WBGene00037289	4097	2.13377	fp
motifs.meme	27	WBGene00023906	2233	2.13349	fp
motifs.meme	27	WBGene00024604	255	2.13304	tp
motifs.meme	27	WBGene00038228	4063	2.13209	fp
motifs.meme	27	WBGene00036578	3749	2.12308	fp
motifs.meme	27	WBGene00030431	2732	2.12115	fp
motifs.meme	27	WBGene00031528	761	2.12019	fp
motifs.meme	27	WBGene00038815	1971	2.11993	fp
motifs.meme	27	WBGene00037310	4368	2.11943	fp
motifs.meme	27	WBGene00027346	3307	2.11918	fp
motifs.meme	27	WBGene00024021	16	2.11873	tp
motifs.meme	27	WBGene00029705	320	2.11871	tp
motifs.meme	27	WBGene00026059	4156	2.11826	fp
motifs.meme	27	WBGene00036159	4687	2.11036	fp
motifs.meme	27	WBGene00033599	2497	2.11015	fp
motifs.meme	27	WBGene00038166	4040	2.10984	fp
motifs.meme	27	WBGene00033697	3470	2.10866	fp
motifs.meme	27	WBGene00038871	2821	2.10826	fp
motifs.meme	27	WBGene00040876	1296	2.10772	fp
motifs.meme	27	WBGene00035632	809	2.10704	fp
motifs.meme	27	WBGene00037217	523	2.10703	tp
motifs.meme	27	WBGene00023542	3819	2.1066	fp
motifs.meme	27	WBGene00035156	427	2.1066	tp
motifs.meme	27	WBGene00037853	1091	2.10659	fp
motifs.meme	27	WBGene00026635	3170	2.10659	fp
motifs.meme	27	WBGene00036930	828	2.10612	fp
motifs.meme	27	WBGene00030523	2307	2.10592	fp
motifs.meme	27	WBGene00035274	4244	2.10586	fp
motifs.meme	27	WBGene00039862	3142	2.1056	fp
motifs.meme	27	WBGene00028464	1590	2.10559	fp
motifs.meme	27	WBGene00023994	18	2.0966	tp
motifs.meme	27	WBGene00036664	1074	2.0956	fp
motifs.meme	27	WBGene00029068	2779	2.09469	fp
motifs.meme	27	WBGene00042640	2967	2.09416	fp
motifs.meme	27	WBGene00041453	3540	2.09395	fp
motifs.meme	27	WBGene00030797	4338	2.09351	fp
motifs.meme	27	WBGene00033490	677	2.09322	fp
motifs.meme	27	WBGene00040588	2613	2.09302	fp
motifs.meme	27	WBGene00041533	2963	2.09299	fp
motifs.meme	27	WBGene00087532	4365	2.09297	fp
motifs.meme	27	WBGene00029009	3049	2.09296	fp
motifs.meme	27	WBGene00036511	473	2.09295	tp
motifs.meme	27	WBGene00032798	1496	2.09271	fp
motifs.meme	27	WBGene00036884	4347	2.08197	fp
motifs.meme	27	WBGene00036161	4591	2.08091	fp
motifs.meme	27	WBGene00040051	1610	2.08009	fp
motifs.meme	27	WBGene00040837	1379	2.07988	fp
motifs.meme	27	WBGene00025898	290	1.61235	tp
motifs.meme	27	WBGene00031604	425	1.56483	tp
motifs.meme	27	WBGene00025918	3603	1.56275	fp
motifs.meme	27	WBGene00027970	2357	1.55465	fp
motifs.meme	27	WBGene00025274	2256	1.53793	fp
motifs.meme	27	WBGene00036962	4673	1.53769	fp
motifs.meme	27	WBGene00027052	3188	1.53533	fp
motifs.meme	27	WBGene00036906	4648	1.52899	fp
motifs.meme	27	WBGene00088411	2192	1.52505	fp
motifs.meme	27	WBGene00026575	2715	1.52315	fp
motifs.meme	27	WBGene00041864	220	1.51411	tp
motifs.meme	27	WBGene00025440	4155	1.51199	fp
motifs.meme	27	WBGene00036147	418	1.51047	tp
motifs.meme	27	WBGene00034609	1697	1.50981	fp
motifs.meme	27	WBGene00031246	123	1.50009	tp
motifs.meme	27	WBGene00041863	156	1.4988	tp
motifs.meme	27	WBGene00039443	2884	1.49766	fp
motifs.meme	27	WBGene00036721	1053	1.48831	fp
motifs.meme	27	WBGene00025628	32	1.4881	tp
motifs.meme	27	WBGene00027777	2166	1.48761	fp
motifs.meme	27	WBGene00041660	4378	1.4871	fp
motifs.meme	27	WBGene00029015	1802	1.48694	fp
motifs.meme	27	WBGene00036309	2530	1.48597	fp
motifs.meme	27	WBGene00026558	1794	1.48574	fp
motifs.meme	27	WBGene00023975	2658	1.48572	fp
motifs.meme	27	WBGene00042406	2155	1.485	fp
motifs.meme	27	WBGene00086897	2178	1.48482	fp
motifs.meme	27	WBGene00041214	3234	1.47574	fp
motifs.meme	27	WBGene00040499	532	1.47522	tp
motifs.meme	27	WBGene00028292	49	1.47504	tp
motifs.meme	27	WBGene00032080	2488	1.47476	fp
motifs.meme	27	WBGene00039077	4344	1.47454	fp
motifs.meme	27	WBGene00030846	119	1.47449	tp
motifs.meme	27	WBGene00029081	1159	1.474	fp
motifs.meme	27	WBGene00030805	2385	1.47399	fp
motifs.meme	27	WBGene00034269	475	1.47376	tp
motifs.meme	27	WBGene00039904	1911	1.47332	fp
motifs.meme	27	WBGene00033238	1826	1.47332	fp
motifs.meme	27	WBGene00035704	1036	1.47301	fp
motifs.meme	27	WBGene00029841	1534	1.47282	fp
motifs.meme	27	WBGene00033157	3100	1.4726	fp
motifs.meme	27	WBGene00042096	3552	1.47233	fp
motifs.meme	27	WBGene00025448	1125	1.47232	fp
motifs.meme	27	WBGene00041455	3138	1.4721	fp
motifs.meme	27	WBGene00029243	4520	1.47141	fp
motifs.meme	27	WBGene00037141	3262	1.46236	fp
motifs.meme	27	WBGene00035888	4336	1.46229	fp
motifs.meme	27	WBGene00040110	4757	1.46212	fp
motifs.meme	27	WBGene00039549	4091	1.46188	fp
motifs.meme	27	WBGene00027092	280	1.46163	tp
motifs.meme	27	WBGene00023801	908	1.46136	fp
motifs.meme	27	WBGene00038248	4427	1.46136	fp
motifs.meme	27	WBGene00040398	2019	1.46115	fp
motifs.meme	27	WBGene00027812	1446	1.46114	fp
motifs.meme	27	WBGene00040911	4102	1.46103	fp
motifs.meme	27	WBGene00026020	2280	1.46073	fp
motifs.meme	27	WBGene00030477	4276	1.46064	fp
motifs.meme	27	WBGene00035472	2092	1.45996	fp
motifs.meme	27	WBGene00035130	2039	1.45953	fp
motifs.meme	27	WBGene00031298	1236	1.4595	fp
motifs.meme	27	WBGene00032457	438	1.45947	tp
motifs.meme	27	WBGene00036576	4685	1.45923	fp
motifs.meme	27	WBGene00038563	1043	1.45903	fp
motifs.meme	27	WBGene00029122	1803	1.45135	fp
motifs.meme	27	WBGene00038388	3561	1.44873	fp
motifs.meme	27	WBGene00037737	3238	1.44846	fp
motifs.meme	27	WBGene00087859	4749	1.44755	fp
motifs.meme	27	WBGene00033500	2920	1.44739	fp
motifs.meme	27	WBGene00042732	2614	1.44706	fp
motifs.meme	27	WBGene00027352	3054	1.44705	fp
motifs.meme	27	WBGene00029429	2161	1.44664	fp
motifs.meme	27	WBGene00036122	2860	1.44637	fp
motifs.meme	27	WBGene00024703	15	1.44636	tp
motifs.meme	27	WBGene00033217	428	1.43893	tp
motifs.meme	27	WBGene00025269	586	1.4387	fp
motifs.meme	27	WBGene00040866	2894	1.43706	fp
motifs.meme	27	WBGene00030451	2776	1.43679	fp
motifs.meme	27	WBGene00029130	326	1.43636	tp
motifs.meme	27	WBGene00032594	3677	1.43632	fp
motifs.meme	27	WBGene00031553	1228	1.43613	fp
motifs.meme	27	WBGene00033751	3124	1.43568	fp
motifs.meme	27	WBGene00087551	4721	1.43514	fp
motifs.meme	27	WBGene00035322	3251	1.4349	fp
motifs.meme	27	WBGene00028067	3027	1.43468	fp
motifs.meme	27	WBGene00029978	4530	1.43441	fp
motifs.meme	27	WBGene00039449	4417	1.43424	fp
motifs.meme	27	WBGene00025620	928	1.43369	fp
motifs.meme	27	WBGene00038452	3732	1.43353	fp
motifs.meme	27	WBGene00026055	2709	1.43349	fp
motifs.meme	27	WBGene00024613	600	1.43347	fp
motifs.meme	27	WBGene00023794	2237	1.42443	fp
motifs.meme	27	WBGene00029578	2808	1.42357	fp
motifs.meme	27	WBGene00041649	890	1.42352	fp
motifs.meme	27	WBGene00036023	4318	1.42256	fp
motifs.meme	27	WBGene00039318	856	1.42226	fp
motifs.meme	27	WBGene00030688	347	1.42225	tp
motifs.meme	27	WBGene00086955	524	1.42224	tp
motifs.meme	27	WBGene00036919	515	1.42208	tp
motifs.meme	27	WBGene00040410	3717	1.42208	fp
motifs.meme	27	WBGene00039949	2626	1.42129	fp
motifs.meme	27	WBGene00035861	1023	1.42109	fp
motifs.meme	27	WBGene00033110	3679	1.42108	fp
motifs.meme	27	WBGene00033875	981	1.42105	fp
motifs.meme	27	WBGene00041086	2590	1.42087	fp
motifs.meme	27	WBGene00033363	4665	1.42084	fp
motifs.meme	27	WBGene00027391	1484	1.42081	fp
motifs.meme	27	WBGene00032801	1821	1.42057	fp
motifs.meme	27	WBGene00036951	566	1.41438	tp
motifs.meme	27	WBGene00039119	209	1.4125	tp
motifs.meme	27	WBGene00037212	2569	1.41226	fp
motifs.meme	27	WBGene00034760	2514	1.41223	fp
motifs.meme	27	WBGene00027561	3329	1.41172	fp
motifs.meme	27	WBGene00036971	153	1.41109	tp
motifs.meme	27	WBGene00025161	2249	1.41106	fp
motifs.meme	27	WBGene00026836	296	1.41092	tp
#
motifs.meme	98	WBGene00025516	3409	344.739	fp
motifs.meme	98	WBGene00039094	2882	344.139	fp
motifs.meme	98	WBGene00025017	2253	340.714	fp
motifs.meme	98	WBGene00040110	4757	340.677	fp
motifs.meme	98	WBGene00029122	1803	340.544	fp
motifs.meme	98	WBGene00036334	395	340.422	tp
motifs.meme	98	WBGene00032136	3757	340.312	fp
motifs.meme	98	WBGene00038568	4740	340.216	fp
motifs.meme	98	WBGene00041002	2169	334.841	fp
motifs.meme	98	WBGene00025898	290	334.685	tp
motifs.meme	98	WBGene00033355	709	334.516	fp
motifs.meme	98	WBGene00026846	2720	334.489	fp
motifs.meme	98	WBGene00028089	2710	334.461	fp
motifs.meme	98	WBGene00038566	2602	334.439	fp
motifs.meme	98	WBGene00028998	708	334.313	fp
motifs.meme	98	WBGene00031209	2519	334.252	fp
motifs.meme	98	WBGene00034558	3971	334.247	fp
motifs.meme	98	WBGene00027974	313	334.243	tp
motifs.meme	98	WBGene00030983	2324	334.228	fp
motifs.meme	98	WBGene00035131	4614	334.212	fp
motifs.meme	98	WBGene00040656	1655	334.14	fp
motifs.meme	98	WBGene00035190	413	334.135	tp
motifs.meme	98	WBGene00086998	4723	334.129	fp
motifs.meme	98	WBGene00030936	3044	334.043	fp
motifs.meme	98	WBGene00029055	3642	334.041	fp
motifs.meme	98	WBGene00029183	4543	334.036	fp
motifs.meme	98	WBGene00032684	718	334.035	fp
motifs.meme	98	WBGene00036886	231	334.028	tp
motifs.meme	98	WBGene00039463	4422	334.026	fp
motifs.meme	98	WBGene00035833	882	334.021	fp
motifs.meme	98	WBGene00041008	4434	334.02	fp
motifs.meme	98	WBGene00025960	4153	334.018	fp
motifs.meme	98	WBGene00038463	179	334.015	tp
motifs.meme	98	WBGene00026040	2269	33.0175	fp
motifs.meme	98	WBGene00029438	4562	26.6497	fp
motifs.meme	98	WBGene00088028	545	23.8391	tp
motifs.meme	98	WBGene00038480	170	22.7117	tp
motifs.meme	98	WBGene00036906	4648	22.6989	fp
motifs.meme	98	WBGene00029571	69	22.6904	tp
motifs.meme	98	WBGene00025440	4155	20.8597	fp
motifs.meme	98	WBGene00026990	60	20.7785	tp
motifs.meme	98	WBGene00036159	4687	20.5879	fp
motifs.meme	98	WBGene00024198	581	20.5658	fp
motifs.meme	98	WBGene00037676	1973	20.5633	fp
motifs.meme	98	WBGene00023765	1721	20.5555	fp
motifs.meme	98	WBGene00035174	3102	20.5374	fp
motifs.meme	98	WBGene00036951	566	20.5334	tp
motifs.meme	98	WBGene00027801	3457	20.526	fp
motifs.meme	98	WBGene00025358	1748	20.4776	fp
motifs.meme	98	WBGene00035472	2092	20.4693	fp
motifs.meme	98	WBGene00031512	1517	20.3745	fp
motifs.meme	98	WBGene00028540	1543	20.3744	fp
motifs.meme	98	WBGene00038871	2821	20.3413	fp
motifs.meme	98	WBGene00042604	1096	20.3388	fp
motifs.meme	98	WBGene00040084	4367	20.3376	fp
motifs.meme	98	WBGene00033157	3100	20.2457	fp
motifs.meme	98	WBGene00024249	248	20.2392	tp
motifs.meme	98	WBGene00087551	4721	20.2256	fp
motifs.meme	98	WBGene00037850	1088	20.2232	fp
motifs.meme	98	WBGene00039503	502	20.22	tp
motifs.meme	98	WBGene00028935	376	17.0928	tp
motifs.meme	98	WBGene00026019	305	17.0742	tp
motifs.meme	98	WBGene00034509	4004	16.8328	fp
motifs.meme	98	WBGene00026090	22	16.8043	tp
motifs.meme	98	WBGene00026181	1445	16.7855	fp
motifs.meme	98	WBGene00028933	952	16.7674	fp
motifs.meme	98	WBGene00033584	446	16.7643	tp
motifs.meme	98	WBGene00024085	4479	16.7146	fp
motifs.meme	98	WBGene00032126	2778	16.7013	fp
motifs.meme	98	WBGene00029432	2384	16.6414	fp
motifs.meme	98	WBGene00040866	2894	16.545	fp
motifs.meme	98	WBGene00033599	2497	16.5294	fp
motifs.meme	98	WBGene00027092	280	16.5284	tp
motifs.meme	98	WBGene00026836	296	16.5256	tp
motifs.meme	98	WBGene00025776	291	16.5176	tp
motifs.meme	98	WBGene00033346	1816	16.5123	fp
motifs.meme	98	WBGene00030330	688	16.489	fp
motifs.meme	98	WBGene00035288	3950	16.4097	fp
motifs.meme	98	WBGene00032323	3922	16.4058	fp
motifs.meme	98	WBGene00032547	454	16.4013	tp
motifs.meme	98	WBGene00027352	3054	16.3973	fp
motifs.meme	98	WBGene00030111	1837	13.2242	fp
motifs.meme	98	WBGene00036944	852	13.0167	fp
motifs.meme	98	WBGene00040869	1336	12.9091	fp
motifs.meme	98	WBGene00024884	4473	12.8457	fp
motifs.meme	98	WBGene00030271	3930	12.8415	fp
motifs.meme	98	WBGene00042005	1641	12.8332	fp
motifs.meme	98	WBGene00023562	8	12.8242	tp
motifs.meme	98	WBGene00030867	3637	12.7635	fp
motifs.meme	98	WBGene00041242	1618	12.6633	fp
motifs.meme	98	WBGene00033087	3725	12.6489	fp
motifs.meme	98	WBGene00030728	1246	12.5643	fp
motifs.meme	98	WBGene00025840	36	12.5469	tp
motifs.meme	98	WBGene00031213	1493	12.5424	fp
motifs.meme	98	WBGene00031267	2439	12.5392	fp
motifs.meme	98	WBGene00029094	1589	12.4905	fp
motifs.meme	98	WBGene00039385	3235	12.4776	fp
motifs.meme	98	WBGene00036614	2534	12.4678	fp
motifs.meme	98	WBGene00026020	2280	12.3647	fp
motifs.meme	98	WBGene00033363	4665	12.3436	fp
motifs.meme	98	WBGene00041864	220	11.2291	tp
motifs.meme	98	WBGene00034009	2099	11.1178	fp
motifs.meme	98	WBGene00041802	2194	11.1036	fp
motifs.meme	98	WBGene00041497	763	11.0519	fp
motifs.meme	98	WBGene00027970	2357	11.0292	fp
motifs.meme	98	WBGene00032911	2733	11.015	fp
motifs.meme	98	WBGene00027675	317	10.9353	tp
motifs.meme	98	WBGene00087077	1396	10.9352	fp
motifs.meme	98	WBGene00041634	519	10.9258	tp
motifs.meme	98	WBGene00038166	4040	10.8577	fp
motifs.meme	98	WBGene00038248	4427	10.7799	fp
motifs.meme	98	WBGene00041929	3129	10.7704	fp
motifs.meme	98	WBGene00028415	632	10.7661	fp
motifs.meme	98	WBGene00028251	348	10.7476	tp
motifs.meme	98	WBGene00029607	2351	10.7425	fp
motifs.meme	98	WBGene00027019	1174	10.7412	fp
motifs.meme	98	WBGene00027822	2383	10.7144	fp
motifs.meme	98	WBGene00038660	4044	10.7071	fp
motifs.meme	98	WBGene00038085	2518	10.6713	fp
motifs.meme	98	WBGene00041471	4762	10.6645	fp
motifs.meme	98	WBGene00042009	2157	10.6585	fp
motifs.meme	98	WBGene00040065	3147	10.6425	fp
motifs.meme	98	WBGene00031616	4265	10.6228	fp
motifs.meme	98	WBGene00035961	4273	10.6205	fp
motifs.meme	98	WBGene00032104	1019	10.6156	fp
motifs.meme	98	WBGene00023801	908	10.6139	fp
motifs.meme	98	WBGene00033466	716	10.6111	fp
motifs.meme	98	WBGene00027946	3201	10.6106	fp
motifs.meme	98	WBGene00038079	2043	10.6087	fp
motifs.meme	98	WBGene00025692	3415	10.5971	fp
motifs.meme	98	WBGene00035758	3277	10.5792	fp
motifs.meme	98	WBGene00032214	2202	10.5758	fp
motifs.meme	98	WBGene00035326	445	10.5633	tp
motifs.meme	98	WBGene00034425	4308	10.5573	fp
motifs.meme	98	WBGene00041638	560	10.5522	tp
motifs.meme	98	WBGene00032963	2550	10.5412	fp
motifs.meme	98	WBGene00035652	1664	10.5399	fp
motifs.meme	98	WBGene00033344	402	10.534	tp
motifs.meme	98	WBGene00024830	4127	10.5164	fp
motifs.meme	98	WBGene00029217	4536	10.5116	fp
motifs.meme	98	WBGene00037391	4440	10.5086	fp
motifs.meme	98	WBGene00034803	429	10.5038	tp
motifs.meme	98	WBGene00034802	993	10.5013	fp
motifs.meme	98	WBGene00039699	1381	10.4945	fp
motifs.meme	98	WBGene00037212	2569	10.4842	fp
motifs.meme	98	WBGene00027207	645	10.4789	fp
motifs.meme	98	WBGene00032296	117	10.4678	tp
motifs.meme	98	WBGene00024838	929	10.4671	fp
motifs.meme	98	WBGene00035170	400	10.4516	tp
motifs.meme	98	WBGene00087242	794	10.4475	fp
motifs.meme	98	WBGene00033662	430	10.4437	tp
motifs.meme	98	WBGene00026354	2271	10.4393	fp
motifs.meme	98	WBGene00038551	3559	10.4388	fp
motifs.meme	98	WBGene00039014	4703	10.4384	fp
motifs.meme	98	WBGene00041593	543	10.4349	tp
